transaction_id,farmer_id,dealer_id,crop,season,fertilizer_qty_kg,fertilizer_type,farmer_village,dealer_location,deltaT
T553099,F1368,D500,Wheat,Kharif,722,Urea,Rampur,East Block,162
T741592,F1021,D500,Wheat,Rabi,255,Urea,Rampur,East Block,411
T987914,F1061,D518,Maize,Rabi,139,Urea,Mandya,West Block,318
T674660,F1078,D517,Sugarcane,Rabi,537,NPK,Khandwa,North Block,406
T916794,F1061,D501,Maize,Rabi,74,NPK,Mandya,North Block,22
T111787,F1340,D524,Wheat,Rabi,269,Urea,Rampur,South Block,447
T986932,F1129,D516,Maize,Rabi,414,NPK,Rampur,West Block,439
T628187,F1046,D523,Wheat,Rabi,256,NPK,Lakshmipur,East Block,352
T113945,F1126,D513,Rice,Rabi,202,DAP,Bikaner,West Block,418
T362052,F1084,D523,Wheat,Kharif,441,DAP,Bikaner,East Block,213
T839281,F1249,D507,Sugarcane,Rabi,1274,Urea,Khandwa,East Block,427
T936929,F1119,D502,Cotton,Kharif,329,Urea,Khandwa,East Block,200
T641348,F1066,D520,Wheat,Kharif,382,NPK,Lakshmipur,North Block,212
T460683,F1316,D513,Sugarcane,Rabi,421,DAP,Rampur,West Block,390
T622942,F1220,D510,Maize,Kharif,240,NPK,Bikaner,South Block,132
T290671,F1239,D503,Sugarcane,Rabi,1615,DAP,Bikaner,East Block,316
T186287,F1025,D513,Wheat,Kharif,204,NPK,Mandya,West Block,150
T854632,F1131,D512,Cotton,Kharif,365,Urea,Mandya,West Block,137
T413560,F1145,D506,Wheat,Kharif,201,Urea,Rampur,East Block,130
T921847,F1232,D501,Rice,Rabi,101,Urea,Dharwad,East Block,426
T796033,F1285,D502,Rice,Kharif,629,NPK,Rampur,East Block,127
T600383,F1036,D516,Sugarcane,Rabi,757,NPK,Bikaner,West Block,432
T333141,F1382,D502,Rice,Kharif,232,Urea,Bikaner,East Block,207
T666894,F1360,D511,Maize,Kharif,70,NPK,Rampur,North Block,202
T307975,F1124,D507,Cotton,Kharif,521,DAP,Dharwad,East Block,175
T986135,F1376,D506,Wheat,Kharif,408,Urea,Lakshmipur,East Block,196
T689776,F1358,D510,Sugarcane,Kharif,699,Urea,Dharwad,South Block,188
T305209,F1242,D509,Rice,Kharif,435,DAP,Rampur,West Block,192
T591214,F1011,D504,Maize,Kharif,305,DAP,Dharwad,West Block,138
T526341,F1327,D502,Sugarcane,Rabi,418,Urea,Bikaner,East Block,16
T279043,F1003,D514,Cotton,Rabi,256,DAP,Mandya,South Block,313
T309390,F1305,D508,Wheat,Kharif,521,DAP,Lakshmipur,East Block,172
T295251,F1079,D504,Rice,Kharif,780,NPK,Lakshmipur,West Block,194
T908365,F1010,D518,Rice,Kharif,378,NPK,Khandwa,West Block,148
T657659,F1220,D509,Maize,Kharif,301,NPK,Bikaner,West Block,187
T621816,F1033,D520,Wheat,Kharif,540,Urea,Khandwa,North Block,190
T732387,F1332,D500,Rice,Kharif,452,Urea,Mandya,East Block,179
T180640,F1039,D515,Rice,Rabi,96,NPK,Khandwa,South Block,336
T320694,F1108,D509,Wheat,Rabi,209,DAP,Rampur,West Block,424
T230817,F1070,D521,Sugarcane,Rabi,812,Urea,Bikaner,South Block,303
T893184,F1139,D512,Rice,Kharif,484,DAP,Rampur,West Block,185
T464019,F1386,D509,Wheat,Rabi,200,NPK,Lakshmipur,West Block,373
T742927,F1399,D510,Cotton,Rabi,125,NPK,Mandya,South Block,328
T573965,F1338,D503,Cotton,Rabi,577,Urea,Mandya,East Block,371
T723565,F1112,D504,Sugarcane,Kharif,838,Urea,Dharwad,West Block,188
T363778,F1391,D517,Maize,Rabi,176,NPK,Dharwad,North Block,436
T466023,F1176,D519,Rice,Kharif,391,NPK,Khandwa,South Block,132
T649976,F1383,D508,Rice,Rabi,2370,Urea,Lakshmipur,East Block,362
T141492,F1169,D519,Wheat,Kharif,524,DAP,Khandwa,South Block,215
T480190,F1183,D524,Cotton,Rabi,353,Urea,Bikaner,South Block,387
T991285,F1107,D500,Maize,Rabi,368,NPK,Dharwad,East Block,380
T411011,F1310,D500,Wheat,Rabi,167,Urea,Dharwad,East Block,371
T620533,F1312,D524,Cotton,Rabi,516,Urea,Rampur,South Block,332
T627750,F1251,D522,Wheat,Kharif,78,DAP,Dharwad,North Block,197
T449653,F1014,D508,Sugarcane,Kharif,1596,Urea,Lakshmipur,East Block,120
T468711,F1337,D518,Rice,Kharif,184,Urea,Lakshmipur,West Block,163
T894113,F1173,D521,Wheat,Rabi,313,NPK,Bikaner,South Block,364
T516591,F1058,D517,Rice,Kharif,172,Urea,Khandwa,North Block,210
T407159,F1296,D521,Cotton,Kharif,448,Urea,Bikaner,South Block,199
T296627,F1374,D517,Cotton,Kharif,386,NPK,Lakshmipur,North Block,206
T200027,F1266,D518,Sugarcane,Kharif,308,Urea,Rampur,West Block,216
T868951,F1055,D508,Sugarcane,Rabi,189,Urea,Mandya,East Block,428
T788294,F1297,D515,Rice,Rabi,365,NPK,Khandwa,South Block,354
T435391,F1336,D502,Maize,Kharif,264,NPK,Dharwad,East Block,149
T604800,F1264,D523,Cotton,Kharif,308,NPK,Khandwa,East Block,147
T430189,F1192,D516,Wheat,Kharif,276,NPK,Bikaner,West Block,189
T755058,F1007,D502,Wheat,Rabi,400,NPK,Dharwad,East Block,442
T303565,F1185,D514,Rice,Rabi,3645,DAP,Khandwa,South Block,366
T448947,F1366,D504,Rice,Rabi,240,NPK,Dharwad,West Block,404
T922936,F1375,D518,Maize,Rabi,472,Urea,Rampur,West Block,355
T719353,F1166,D501,Sugarcane,Kharif,926,NPK,Bikaner,North Block,124
T645995,F1320,D511,Rice,Kharif,397,NPK,Dharwad,North Block,203
T435892,F1345,D517,Rice,Kharif,182,Urea,Mandya,North Block,141
T301992,F1230,D524,Maize,Kharif,317,Urea,Bikaner,South Block,206
T674173,F1063,D511,Cotton,Rabi,1384,NPK,Bikaner,North Block,308
T939953,F1100,D520,Maize,Rabi,211,NPK,Mandya,North Block,418
T313885,F1396,D516,Rice,Rabi,489,DAP,Dharwad,West Block,18
T987227,F1288,D501,Cotton,Kharif,1301,NPK,Dharwad,North Block,141
T901333,F1339,D504,Sugarcane,Rabi,850,DAP,Bikaner,West Block,370
T680082,F1204,D501,Maize,Rabi,316,Urea,Rampur,East Block,319
T712593,F1240,D519,Maize,Kharif,252,DAP,Bikaner,South Block,170
T606422,F1319,D505,Maize,Kharif,459,DAP,Khandwa,South Block,161
T849394,F1163,D521,Maize,Kharif,254,DAP,Bikaner,South Block,149
T386965,F1175,D515,Wheat,Rabi,380,DAP,Lakshmipur,South Block,319
T833549,F1156,D517,Wheat,Rabi,718,NPK,Dharwad,North Block,364
T143425,F1247,D500,Cotton,Rabi,549,Urea,Mandya,East Block,363
T866113,F1000,D509,Sugarcane,Kharif,175,DAP,Khandwa,West Block,210
T971185,F1215,D516,Cotton,Rabi,108,Urea,Dharwad,West Block,379
T190017,F1122,D508,Sugarcane,Rabi,7909,NPK,Bikaner,East Block,403
T887821,F1237,D521,Cotton,Rabi,994,Urea,Khandwa,South Block,409
T119479,F1189,D507,Maize,Kharif,404,Urea,Bikaner,East Block,148
T607289,F1260,D509,Cotton,Rabi,878,DAP,Rampur,West Block,388
T630199,F1309,D502,Wheat,Kharif,235,DAP,Bikaner,East Block,159
T476416,F1037,D501,Rice,Kharif,836,DAP,Dharwad,North Block,154
T613444,F1004,D507,Cotton,Rabi,190,DAP,Mandya,East Block,359
T555367,F1379,D520,Maize,Kharif,305,Urea,Dharwad,North Block,137
T749516,F1352,D512,Wheat,Rabi,362,NPK,Khandwa,West Block,418
T800942,F1308,D515,Sugarcane,Rabi,571,DAP,Lakshmipur,South Block,23
T766764,F1204,D505,Maize,Rabi,3120,NPK,Rampur,South Block,418
T664024,F1000,D520,Sugarcane,Kharif,234,NPK,Khandwa,North Block,126
T653401,GX7207,D504,Wheat,Kharif,337,DAP,Lakshmipur,West Block,183
T174368,F1264,D519,Cotton,Kharif,152,DAP,Khandwa,South Block,129
T222777,F1194,D502,Maize,Rabi,310,Urea,Rampur,East Block,21
T725732,F1019,D503,Maize,Rabi,217,Urea,Khandwa,East Block,446
T747870,F1139,D510,Rice,Kharif,348,Urea,Rampur,South Block,131
T529672,F1355,D509,Cotton,Rabi,251,NPK,Bikaner,West Block,391
T862324,F1276,D501,Sugarcane,Kharif,890,Urea,Rampur,East Block,174
T994925,F1110,D524,Rice,Rabi,104,Urea,Dharwad,South Block,389
T563858,F1260,D523,Cotton,Rabi,582,Urea,Rampur,East Block,382
T823389,F1252,D523,Maize,Rabi,82,DAP,Khandwa,East Block,300
T842643,F1302,D513,Wheat,Rabi,462,DAP,Dharwad,West Block,418
T242705,F1138,D519,Rice,Rabi,499,DAP,Dharwad,South Block,448
T653161,GX8678,D520,Maize,Kharif,136,NPK,Lakshmipur,North Block,134
T441000,F1234,D509,Wheat,Kharif,482,Urea,Rampur,West Block,137
T674671,F1235,D512,Rice,Rabi,374,NPK,Bikaner,West Block,360
T200650,F1338,D509,Cotton,Rabi,662,Urea,Mandya,West Block,426
T887936,F1214,D506,Cotton,Rabi,942,NPK,Rampur,East Block,325
T412794,F1394,D505,Maize,Rabi,383,DAP,Lakshmipur,South Block,377
T650417,F1133,D524,Maize,Kharif,71,DAP,Dharwad,South Block,208
T978749,F1048,D514,Maize,Kharif,136,Urea,Rampur,South Block,189
T128963,F1250,D524,Wheat,Kharif,472,DAP,Khandwa,South Block,186
T831730,F1194,D520,Maize,Rabi,241,DAP,Rampur,North Block,302
T811227,F1252,D516,Maize,Rabi,70,Urea,Khandwa,West Block,438
T436715,F1027,D523,Sugarcane,Kharif,392,DAP,Rampur,East Block,198
T858658,F1127,D515,Maize,Rabi,219,NPK,Dharwad,South Block,372
T777886,F1260,D500,Cotton,Rabi,565,Urea,Rampur,East Block,437
T377378,F1363,D504,Wheat,Kharif,475,NPK,Rampur,West Block,161
T624028,F1100,D502,Maize,Rabi,219,NPK,Mandya,East Block,358
T228164,F1025,D516,Wheat,Kharif,231,Urea,Mandya,West Block,159
T776558,F1071,D523,Sugarcane,Kharif,179,DAP,Bikaner,East Block,199
T525782,F1101,D500,Cotton,Kharif,1053,Urea,Rampur,East Block,219
T354715,F1021,D523,Wheat,Rabi,288,DAP,Rampur,East Block,338
T485293,F1186,D518,Maize,Rabi,506,DAP,Mandya,West Block,413
T491262,F1284,D500,Rice,Rabi,390,Urea,Rampur,East Block,441
T740627,F1285,D515,Rice,Kharif,633,Urea,Rampur,South Block,123
T661571,F1234,D500,Wheat,Kharif,692,DAP,Rampur,East Block,201
T689407,F1358,D514,Sugarcane,Kharif,330,Urea,Dharwad,South Block,123
T433285,F1373,D521,Maize,Rabi,250,NPK,Dharwad,South Block,379
T603591,F1032,D509,Maize,Rabi,326,Urea,Khandwa,West Block,332
T553964,F1307,D513,Rice,Rabi,91,Urea,Lakshmipur,West Block,433
T464765,F1132,D513,Rice,Rabi,80,DAP,Bikaner,West Block,304
T111717,F1151,D510,Cotton,Kharif,886,Urea,Mandya,South Block,134
T564482,F1347,D513,Cotton,Rabi,1006,DAP,Khandwa,West Block,397
T491002,F1112,D500,Sugarcane,Kharif,1384,NPK,Dharwad,North Block,146
T608784,F1050,D509,Wheat,Rabi,321,DAP,Bikaner,West Block,335
T985222,F1080,D515,Wheat,Rabi,497,Urea,Lakshmipur,South Block,386
T752392,F1111,D507,Rice,Kharif,418,Urea,Rampur,East Block,144
T879581,F1140,D502,Maize,Kharif,323,Urea,Lakshmipur,East Block,162
T274597,F1211,D506,Cotton,Kharif,431,NPK,Rampur,East Block,130
T591358,F1116,D504,Sugarcane,Kharif,858,DAP,Rampur,West Block,184
T579787,F1099,D502,Cotton,Kharif,850,NPK,Mandya,East Block,189
T272731,F1378,D512,Sugarcane,Rabi,667,Urea,Lakshmipur,West Block,369
T805219,F1156,D519,Wheat,Rabi,857,DAP,Dharwad,South Block,414
T645848,F1246,D508,Wheat,Rabi,280,DAP,Bikaner,East Block,426
T214791,F1046,D523,Wheat,Rabi,96,NPK,Lakshmipur,East Block,334
T145850,F1025,D502,Wheat,Kharif,398,Urea,Mandya,East Block,160
T341729,GX9350,D521,Rice,Rabi,385,DAP,Bikaner,South Block,445
T398125,F1349,D520,Rice,Rabi,803,DAP,Rampur,North Block,425
T308038,F1173,D506,Wheat,Rabi,227,DAP,Bikaner,East Block,308
T230108,F1131,D511,Cotton,Kharif,257,Urea,Mandya,North Block,175
T298662,F1229,D513,Wheat,Rabi,233,Urea,Lakshmipur,West Block,351
T471291,F1207,D517,Rice,Rabi,193,DAP,Khandwa,North Block,440
T607499,F1312,D504,Cotton,Rabi,391,Urea,Rampur,West Block,334
T605435,F1331,D517,Sugarcane,Kharif,714,Urea,Bikaner,North Block,123
T389404,F1226,D514,Sugarcane,Kharif,704,DAP,Lakshmipur,South Block,175
T247400,F1070,D504,Sugarcane,Rabi,908,DAP,Bikaner,West Block,350
T292653,F1106,D509,Sugarcane,Kharif,596,DAP,Dharwad,West Block,175
T599793,F1376,D520,Wheat,Kharif,321,Urea,Lakshmipur,North Block,122
T826978,F1378,D508,Sugarcane,Rabi,829,Urea,Lakshmipur,East Block,422
T493220,F1020,D515,Cotton,Rabi,561,NPK,Mandya,South Block,429
T963231,F1026,D501,Rice,Kharif,402,NPK,Khandwa,North Block,192
T111324,F1022,D506,Cotton,Kharif,473,DAP,Khandwa,East Block,186
T455215,F1032,D509,Maize,Rabi,446,DAP,Khandwa,West Block,333
T261733,F1373,D516,Maize,Rabi,282,Urea,Dharwad,West Block,414
T729315,F1341,D505,Sugarcane,Kharif,336,DAP,Khandwa,South Block,130
T651022,F1363,D506,Wheat,Kharif,193,DAP,Rampur,East Block,125
T245442,F1017,D524,Rice,Kharif,317,Urea,Bikaner,South Block,135
T407845,GX4110,D502,Maize,Kharif,410,NPK,Mandya,East Block,122
T815884,F1163,D506,Maize,Kharif,168,NPK,Bikaner,East Block,207
T419287,F1261,D508,Rice,Rabi,585,Urea,Lakshmipur,East Block,369
T703076,F1384,D519,Sugarcane,Kharif,1279,Urea,Dharwad,South Block,193
T175619,F1139,D522,Rice,Kharif,419,NPK,Rampur,North Block,200
T605408,F1102,D513,Sugarcane,Kharif,389,NPK,Rampur,West Block,160
T984132,F1053,D508,Cotton,Rabi,593,Urea,Rampur,East Block,369
T563416,F1331,D515,Sugarcane,Kharif,672,Urea,Bikaner,South Block,148
T409967,F1372,D523,Maize,Kharif,249,NPK,Rampur,East Block,145
T749700,F1037,D517,Rice,Kharif,639,Urea,Dharwad,North Block,202
T173506,F1297,D508,Rice,Rabi,245,NPK,Khandwa,East Block,360
T546995,F1356,D502,Maize,Kharif,93,Urea,Mandya,East Block,155
T807241,F1369,D522,Rice,Kharif,149,NPK,Khandwa,North Block,122
T371806,F1327,D502,Sugarcane,Rabi,602,Urea,Bikaner,East Block,304
T756452,F1371,D507,Cotton,Rabi,2340,NPK,Mandya,East Block,389
T187807,F1103,D521,Wheat,Rabi,416,Urea,Rampur,South Block,305
T351203,F1303,D520,Rice,Kharif,303,NPK,Rampur,North Block,203
T637533,F1202,D500,Wheat,Kharif,476,DAP,Rampur,East Block,169
T700734,F1118,D503,Sugarcane,Kharif,173,NPK,Rampur,East Block,219
T217868,F1338,D501,Cotton,Rabi,618,DAP,Mandya,North Block,328
T477227,F1178,D524,Wheat,Kharif,430,DAP,Bikaner,South Block,211
T980579,F1108,D507,Wheat,Rabi,235,Urea,Rampur,East Block,379
T276787,F1056,D524,Maize,Kharif,352,Urea,Lakshmipur,South Block,197
T111848,F1040,D523,Sugarcane,Kharif,196,NPK,Rampur,East Block,174
T628096,F1099,D500,Cotton,Kharif,837,DAP,Mandya,East Block,157
T123099,F1016,D520,Sugarcane,Kharif,1065,NPK,Bikaner,North Block,177
T715643,F1285,D501,Rice,Kharif,333,Urea,Rampur,North Block,198
T493843,F1038,D515,Cotton,Kharif,350,DAP,Khandwa,South Block,190
T401192,F1274,D507,Maize,Rabi,181,NPK,Khandwa,East Block,305
T895450,F1140,D521,Maize,Kharif,175,DAP,Lakshmipur,South Block,211
T808870,F1285,D504,Rice,Kharif,453,DAP,Rampur,West Block,168
T401174,F1364,D513,Maize,Rabi,77,NPK,Bikaner,West Block,350
T765429,F1134,D520,Maize,Rabi,526,DAP,Rampur,North Block,363
T419646,F1213,D500,Wheat,Kharif,679,NPK,Rampur,East Block,139
T801176,F1087,D501,Wheat,Kharif,256,Urea,Bikaner,North Block,150
T209477,F1095,D509,Rice,Kharif,240,DAP,Khandwa,West Block,135
T421713,F1293,D511,Sugarcane,Rabi,989,NPK,Dharwad,North Block,441
T984546,F1381,D523,Wheat,Rabi,400,Urea,Lakshmipur,East Block,322
T354045,F1058,D508,Rice,Kharif,132,NPK,Khandwa,East Block,190
T218761,F1274,D524,Maize,Rabi,232,DAP,Khandwa,South Block,417
T458605,F1394,D516,Maize,Rabi,490,Urea,Lakshmipur,West Block,356
T388540,F1052,D501,Cotton,Rabi,517,DAP,Lakshmipur,North Block,357
T632178,F1072,D502,Sugarcane,Kharif,1414,NPK,Lakshmipur,East Block,199
T412589,F1320,D515,Rice,Kharif,242,NPK,Dharwad,South Block,125
T787327,GX4537,D514,Maize,Kharif,250,DAP,Lakshmipur,South Block,137
T623939,F1394,D509,Maize,Rabi,306,Urea,Lakshmipur,West Block,22
T662084,F1362,D524,Cotton,Rabi,383,NPK,Mandya,South Block,300
T857459,F1021,D501,Wheat,Rabi,269,DAP,Rampur,North Block,382
T987713,F1297,D504,Rice,Rabi,304,NPK,Khandwa,West Block,318
T242974,F1221,D513,Maize,Kharif,222,Urea,Mandya,West Block,163
T675003,F1177,D504,Cotton,Kharif,367,NPK,Rampur,West Block,7
T197517,F1068,D521,Cotton,Kharif,262,NPK,Lakshmipur,South Block,206
T328910,F1191,D502,Maize,Kharif,232,DAP,Rampur,East Block,209
T368347,F1345,D517,Rice,Kharif,102,DAP,Mandya,North Block,123
T488600,F1247,D503,Cotton,Rabi,550,NPK,Mandya,East Block,305
T134930,F1226,D524,Sugarcane,Kharif,374,Urea,Lakshmipur,South Block,177
T501123,F1336,D515,Maize,Kharif,142,DAP,Dharwad,South Block,127
T284084,F1049,D524,Maize,Kharif,556,DAP,Khandwa,South Block,175
T786814,F1039,D513,Rice,Rabi,1827,Urea,Khandwa,West Block,317
T106790,F1330,D506,Cotton,Kharif,411,NPK,Bikaner,East Block,202
T511947,F1108,D524,Wheat,Rabi,328,DAP,Rampur,South Block,371
T590121,F1189,D521,Maize,Kharif,320,DAP,Bikaner,South Block,141
T526434,F1378,D500,Sugarcane,Rabi,1024,Urea,Lakshmipur,West Block,308
T304914,F1352,D509,Wheat,Rabi,319,Urea,Khandwa,West Block,300
T335104,F1015,D520,Cotton,Kharif,1046,Urea,Khandwa,North Block,123
T280149,F1077,D521,Wheat,Kharif,296,Urea,Lakshmipur,South Block,199
T726641,F1344,D519,Wheat,Kharif,602,NPK,Khandwa,South Block,170
T413568,F1170,D515,Wheat,Kharif,429,DAP,Khandwa,South Block,194
T902229,F1214,D509,Cotton,Rabi,1055,Urea,Rampur,West Block,443
T971851,F1363,D519,Wheat,Kharif,216,NPK,Rampur,South Block,143
T869300,F1298,D501,Cotton,Kharif,856,DAP,Bikaner,North Block,142
T421956,F1004,D517,Cotton,Rabi,155,DAP,Mandya,North Block,422
T253531,F1338,D515,Cotton,Rabi,601,NPK,Mandya,South Block,302
T361900,F1003,D503,Cotton,Rabi,252,DAP,Mandya,East Block,306
T339388,F1103,D506,Wheat,Rabi,489,DAP,Rampur,East Block,8
T486113,F1346,D523,Sugarcane,Rabi,875,DAP,Dharwad,East Block,332
T865170,F1051,D521,Sugarcane,Kharif,867,DAP,Lakshmipur,South Block,177
T400935,F1279,D516,Rice,Rabi,807,Urea,Bikaner,West Block,446
T900550,F1276,D510,Sugarcane,Kharif,909,NPK,Rampur,South Block,137
T648156,F1015,D505,Cotton,Kharif,721,NPK,Khandwa,South Block,198
T118284,F1142,D501,Rice,Rabi,136,NPK,Khandwa,North Block,388
T214164,F1146,D509,Wheat,Rabi,631,DAP,Khandwa,West Block,406
T518987,F1317,D502,Rice,Kharif,643,DAP,Bikaner,East Block,181
T725042,F1012,D503,Rice,Kharif,223,Urea,Bikaner,East Block,187
T461339,F1311,D523,Maize,Rabi,334,NPK,Mandya,East Block,443
T517937,F1335,D516,Wheat,Kharif,293,DAP,Dharwad,West Block,212
T151966,F1225,D511,Sugarcane,Rabi,286,NPK,Bikaner,North Block,372
T583210,F1270,D504,Wheat,Rabi,479,Urea,Dharwad,West Block,351
T980677,F1005,D501,Maize,Kharif,184,Urea,Lakshmipur,North Block,148
T249199,F1293,D510,Sugarcane,Rabi,639,DAP,Dharwad,South Block,360
T339431,F1231,D500,Rice,Rabi,260,DAP,Khandwa,East Block,320
T649043,F1268,D500,Rice,Kharif,264,Urea,Bikaner,East Block,193
T641998,F1320,D514,Rice,Kharif,223,NPK,Dharwad,South Block,182
T539178,F1198,D501,Wheat,Kharif,437,NPK,Dharwad,North Block,215
T912675,F1089,D501,Rice,Rabi,478,DAP,Mandya,North Block,427
T889317,F1149,D500,Cotton,Rabi,879,NPK,Bikaner,East Block,343
T394916,F1102,D514,Sugarcane,Kharif,825,Urea,Rampur,South Block,205
T800269,F1258,D520,Maize,Kharif,460,DAP,Khandwa,North Block,142
T280760,F1010,D514,Rice,Kharif,436,DAP,Khandwa,South Block,213
T689744,F1181,D509,Wheat,Rabi,291,DAP,Rampur,West Block,321
T930477,F1044,D505,Sugarcane,Rabi,948,NPK,Mandya,South Block,364
T373656,F1182,D523,Maize,Kharif,163,Urea,Dharwad,East Block,147
T694929,F1016,D503,Sugarcane,Kharif,1393,NPK,Bikaner,East Block,213
T514954,F1319,D519,Maize,Kharif,475,Urea,Khandwa,South Block,219
T856424,F1355,D512,Cotton,Rabi,238,DAP,Bikaner,West Block,325
T968636,F1110,D508,Rice,Rabi,92,NPK,Dharwad,East Block,345
T819927,F1126,D501,Rice,Rabi,237,Urea,Bikaner,North Block,322
T391247,F1112,D501,Sugarcane,Kharif,1043,Urea,Dharwad,North Block,211
T479524,F1207,D517,Rice,Rabi,290,NPK,Khandwa,North Block,358
T587785,F1042,D501,Cotton,Rabi,826,DAP,Mandya,North Block,306
T744991,F1354,D508,Sugarcane,Rabi,216,Urea,Mandya,East Block,393
T820036,F1042,D502,Cotton,Rabi,487,Urea,Mandya,East Block,402
T855506,F1254,D517,Sugarcane,Kharif,169,DAP,Lakshmipur,North Block,128
T284243,F1085,D503,Wheat,Rabi,313,DAP,Khandwa,East Block,446
T988515,F1364,D517,Maize,Rabi,143,NPK,Bikaner,North Block,432
T953943,F1075,D513,Rice,Rabi,97,NPK,Mandya,West Block,326
T479378,F1109,D511,Cotton,Rabi,1232,NPK,Dharwad,North Block,424
T377934,F1322,D502,Rice,Kharif,485,Urea,Rampur,East Block,174
T185698,F1125,D521,Sugarcane,Kharif,1289,Urea,Khandwa,South Block,8
T164680,F1372,D508,Maize,Kharif,264,NPK,Rampur,East Block,166
T894913,F1275,D511,Cotton,Rabi,452,Urea,Khandwa,North Block,349
T712623,F1096,D507,Cotton,Rabi,380,Urea,Khandwa,East Block,356
T802452,F1213,D504,Wheat,Kharif,454,Urea,Rampur,West Block,132
T648680,F1238,D500,Wheat,Kharif,107,NPK,Lakshmipur,East Block,148
T223685,F1089,D507,Rice,Rabi,632,Urea,Mandya,East Block,338
T165413,F1338,D522,Cotton,Rabi,456,DAP,Mandya,North Block,349
T372298,F1030,D523,Sugarcane,Rabi,416,Urea,Dharwad,East Block,313
T306985,F1054,D501,Rice,Kharif,434,Urea,Lakshmipur,North Block,199
T254391,F1200,D521,Sugarcane,Rabi,74,Urea,Rampur,South Block,353
T367227,F1369,D520,Rice,Kharif,97,NPK,Khandwa,North Block,129
T915880,F1036,D506,Sugarcane,Rabi,615,DAP,Bikaner,East Block,17
T785281,F1185,D509,Rice,Rabi,395,Urea,Khandwa,West Block,366
T501656,F1064,D518,Sugarcane,Kharif,381,Urea,Rampur,West Block,189
T783801,F1222,D505,Maize,Kharif,98,DAP,Rampur,South Block,149
T288676,F1142,D521,Rice,Rabi,151,Urea,Khandwa,South Block,411
T187891,F1146,D518,Wheat,Rabi,4626,Urea,Khandwa,West Block,325
T667685,F1015,D507,Cotton,Kharif,725,DAP,Khandwa,East Block,121
T348125,F1203,D503,Sugarcane,Kharif,437,NPK,Bikaner,East Block,167
T512345,F1396,D502,Rice,Rabi,515,Urea,Dharwad,East Block,374
T761550,F1111,D509,Rice,Kharif,381,DAP,Rampur,West Block,175
T761094,F1187,D513,Rice,Kharif,690,NPK,Rampur,West Block,171
T637047,F1146,D502,Wheat,Rabi,778,NPK,Khandwa,East Block,318
T475975,F1191,D520,Maize,Kharif,214,NPK,Rampur,North Block,218
T766958,F1146,D500,Wheat,Rabi,573,NPK,Khandwa,West Block,348
T398808,F1122,D520,Sugarcane,Rabi,591,DAP,Bikaner,North Block,437
T236587,F1216,D516,Sugarcane,Kharif,811,DAP,Rampur,West Block,124
T633898,F1222,D521,Maize,Kharif,132,NPK,Rampur,South Block,165
T394369,F1334,D511,Maize,Kharif,55,NPK,Bikaner,North Block,147
T966198,F1140,D518,Maize,Kharif,196,NPK,Lakshmipur,West Block,140
T796719,F1178,D504,Wheat,Kharif,184,NPK,Bikaner,West Block,208
T566998,GX1735,D524,Rice,Rabi,270,Urea,Khandwa,South Block,351
T185672,F1066,D510,Wheat,Kharif,481,DAP,Lakshmipur,South Block,146
T240222,F1352,D520,Wheat,Rabi,483,NPK,Khandwa,North Block,325
T400633,F1067,D511,Sugarcane,Rabi,873,DAP,Khandwa,North Block,387
T476938,F1107,D509,Maize,Rabi,260,NPK,Dharwad,West Block,300
T907741,F1088,D502,Wheat,Kharif,99,DAP,Mandya,East Block,124
T555302,GX6704,D504,Sugarcane,Kharif,775,NPK,Lakshmipur,West Block,158
T405237,F1035,D523,Rice,Kharif,270,DAP,Bikaner,East Block,187
T122254,F1234,D517,Wheat,Kharif,370,DAP,Rampur,North Block,181
T109246,F1134,D508,Maize,Rabi,519,Urea,Rampur,East Block,346
T423614,F1221,D509,Maize,Kharif,119,Urea,Mandya,West Block,160
T777429,F1398,D512,Cotton,Kharif,935,DAP,Rampur,West Block,177
T992929,F1393,D506,Wheat,Kharif,373,NPK,Mandya,East Block,141
T334801,F1080,D519,Wheat,Rabi,419,DAP,Lakshmipur,South Block,344
T697955,F1272,D514,Maize,Rabi,111,DAP,Lakshmipur,South Block,443
T738356,F1123,D501,Cotton,Kharif,311,DAP,Mandya,North Block,15
T760146,F1116,D501,Sugarcane,Kharif,617,NPK,Rampur,North Block,215
T581829,F1022,D511,Cotton,Kharif,433,NPK,Khandwa,North Block,204
T115132,F1245,D521,Cotton,Kharif,1164,Urea,Dharwad,South Block,165
T254412,F1353,D515,Maize,Kharif,342,NPK,Bikaner,South Block,160
T943008,F1387,D509,Wheat,Rabi,369,NPK,Lakshmipur,West Block,363
T699987,F1110,D506,Rice,Rabi,15,DAP,Dharwad,East Block,308
T196264,F1181,D512,Wheat,Rabi,3015,DAP,Rampur,West Block,423
T901486,F1226,D500,Sugarcane,Kharif,955,Urea,Lakshmipur,East Block,150
T274203,F1200,D508,Sugarcane,Rabi,164,DAP,Rampur,East Block,316
T993013,F1148,D523,Maize,Kharif,80,DAP,Khandwa,East Block,190
T807934,F1164,D522,Wheat,Kharif,611,Urea,Rampur,North Block,208
T443784,F1314,D509,Rice,Kharif,317,Urea,Rampur,West Block,175
T786388,F1121,D502,Sugarcane,Rabi,1273,DAP,Rampur,East Block,436
T963602,F1267,D510,Sugarcane,Kharif,373,NPK,Lakshmipur,South Block,182
T397606,F1242,D502,Rice,Kharif,423,Urea,Rampur,East Block,162
T435681,F1057,D512,Wheat,Kharif,177,DAP,Khandwa,West Block,136
T174803,F1097,D506,Sugarcane,Kharif,255,DAP,Mandya,East Block,219
T274449,F1208,D509,Sugarcane,Kharif,449,NPK,Bikaner,West Block,207
T252441,F1159,D517,Wheat,Rabi,416,Urea,Khandwa,North Block,359
T537577,F1265,D511,Cotton,Rabi,305,DAP,Rampur,North Block,386
T304070,F1231,D506,Rice,Rabi,239,NPK,Khandwa,East Block,433
T875099,F1059,D506,Cotton,Kharif,348,NPK,Khandwa,East Block,126
T390486,F1007,D515,Wheat,Rabi,501,DAP,Dharwad,South Block,363
T283043,F1344,D519,Wheat,Kharif,536,NPK,Khandwa,South Block,202
T865210,F1149,D501,Cotton,Rabi,930,Urea,Bikaner,North Block,394
T387696,F1149,D523,Cotton,Rabi,1109,DAP,Bikaner,East Block,433
T709330,F1216,D523,Sugarcane,Kharif,694,Urea,Rampur,East Block,173
T242202,F1299,D506,Wheat,Rabi,177,DAP,Dharwad,East Block,301
T852002,F1398,D521,Cotton,Kharif,570,DAP,Rampur,South Block,158
T670218,F1373,D515,Maize,Rabi,263,DAP,Dharwad,South Block,330
T276885,F1151,D503,Cotton,Kharif,1404,DAP,Mandya,East Block,127
T391801,GX4520,D520,Rice,Kharif,128,NPK,Khandwa,North Block,203
T720485,F1282,D515,Cotton,Kharif,554,DAP,Mandya,South Block,154
T315086,F1056,D514,Maize,Kharif,276,Urea,Lakshmipur,South Block,127
T219343,F1061,D504,Maize,Rabi,104,DAP,Mandya,West Block,309
T735841,F1375,D520,Maize,Rabi,470,Urea,Rampur,North Block,312
T104547,F1133,D503,Maize,Kharif,88,DAP,Dharwad,East Block,198
T200445,F1047,D509,Wheat,Kharif,68,DAP,Khandwa,West Block,132
T584779,F1300,D506,Rice,Rabi,508,DAP,Bikaner,East Block,371
T560156,F1129,D519,Maize,Rabi,335,DAP,Rampur,South Block,360
T249799,F1350,D523,Cotton,Kharif,333,Urea,Rampur,East Block,148
T550464,F1035,D502,Rice,Kharif,334,Urea,Bikaner,East Block,185
T845278,F1019,D504,Maize,Rabi,263,Urea,Khandwa,West Block,389
T525104,F1208,D519,Sugarcane,Kharif,623,NPK,Bikaner,South Block,15
T936091,F1393,D508,Wheat,Kharif,296,DAP,Mandya,East Block,192
T296757,GX8321,D508,Cotton,Kharif,171,DAP,Dharwad,East Block,217
T855799,F1097,D519,Sugarcane,Kharif,423,Urea,Mandya,South Block,216
T962558,F1158,D520,Rice,Rabi,671,Urea,Bikaner,North Block,390
T539547,F1225,D507,Sugarcane,Rabi,132,DAP,Bikaner,East Block,390
T375474,GX7006,D503,Sugarcane,Kharif,844,Urea,Bikaner,East Block,167
T860928,F1036,D514,Sugarcane,Rabi,776,DAP,Bikaner,South Block,353
T516174,F1220,D504,Maize,Kharif,408,DAP,Bikaner,West Block,187
T814187,F1030,D518,Sugarcane,Rabi,264,DAP,Dharwad,West Block,361
T253165,F1068,D514,Cotton,Kharif,281,Urea,Lakshmipur,South Block,187
T364875,F1244,D505,Rice,Kharif,457,NPK,Khandwa,South Block,14
T546115,F1111,D524,Rice,Kharif,356,DAP,Rampur,South Block,128
T729642,F1325,D509,Rice,Kharif,272,NPK,Dharwad,West Block,219
T264860,GX3378,D506,Wheat,Rabi,556,DAP,Dharwad,East Block,433
T393984,F1392,D501,Rice,Rabi,293,DAP,Bikaner,North Block,302
T395960,F1209,D510,Wheat,Rabi,691,Urea,Lakshmipur,South Block,444
T555774,F1364,D508,Maize,Rabi,76,NPK,Bikaner,East Block,343
T630296,F1141,D506,Cotton,Rabi,189,Urea,Lakshmipur,East Block,356
T939274,F1171,D504,Maize,Rabi,199,DAP,Khandwa,West Block,344
T948656,GX2597,D516,Maize,Rabi,462,NPK,Dharwad,West Block,357
T499136,F1327,D516,Sugarcane,Rabi,495,Urea,Bikaner,West Block,302
T802957,F1276,D501,Sugarcane,Kharif,1305,Urea,Rampur,North Block,193
T656200,F1056,D509,Maize,Kharif,1659,Urea,Lakshmipur,West Block,121
T837501,F1095,D514,Rice,Kharif,174,Urea,Khandwa,South Block,147
T244441,F1169,D520,Wheat,Kharif,436,Urea,Khandwa,North Block,212
T292764,F1185,D500,Rice,Rabi,455,NPK,Khandwa,South Block,411
T509560,F1290,D507,Sugarcane,Rabi,1369,DAP,Bikaner,East Block,318
T946007,F1249,D524,Sugarcane,Rabi,995,DAP,Khandwa,South Block,407
T251646,F1271,D512,Sugarcane,Rabi,203,Urea,Khandwa,West Block,328
T972327,F1195,D516,Cotton,Kharif,357,DAP,Dharwad,West Block,137
T635906,F1399,D511,Cotton,Rabi,206,Urea,Mandya,North Block,305
T870188,F1246,D502,Wheat,Rabi,268,NPK,Bikaner,East Block,314
T698640,F1396,D500,Rice,Rabi,270,Urea,Dharwad,East Block,307
T342302,F1115,D510,Wheat,Rabi,278,NPK,Lakshmipur,South Block,348
T269930,F1240,D501,Maize,Kharif,295,NPK,Bikaner,South Block,173
T920349,F1140,D508,Maize,Kharif,259,Urea,Lakshmipur,East Block,141
T349592,F1132,D510,Rice,Rabi,111,Urea,Bikaner,South Block,400
T191640,F1275,D519,Cotton,Rabi,529,Urea,Khandwa,South Block,423
T918012,F1289,D511,Sugarcane,Kharif,699,NPK,Khandwa,North Block,186
T326787,F1030,D509,Sugarcane,Rabi,402,DAP,Dharwad,West Block,418
T503381,F1050,D517,Wheat,Rabi,560,Urea,Bikaner,North Block,301
T703448,F1279,D505,Rice,Rabi,469,NPK,Bikaner,South Block,308
T671296,F1360,D515,Maize,Kharif,59,NPK,Rampur,South Block,212
T100559,F1344,D502,Wheat,Kharif,4092,DAP,Khandwa,East Block,193
T243895,F1122,D523,Sugarcane,Rabi,756,DAP,Bikaner,East Block,309
T384931,F1041,D521,Rice,Kharif,422,NPK,Dharwad,South Block,172
T481902,F1043,D511,Wheat,Kharif,65,DAP,Dharwad,North Block,207
T682770,F1320,D512,Rice,Kharif,408,DAP,Dharwad,West Block,128
T265342,F1250,D507,Wheat,Kharif,443,NPK,Khandwa,East Block,187
T529027,F1193,D507,Maize,Rabi,126,DAP,Mandya,East Block,323
T432498,F1171,D518,Maize,Rabi,130,Urea,Khandwa,West Block,389
T271790,F1125,D510,Sugarcane,Kharif,1040,Urea,Khandwa,South Block,151
T125760,F1388,D518,Wheat,Rabi,232,NPK,Rampur,West Block,347
T808323,F1210,D508,Wheat,Kharif,521,NPK,Dharwad,East Block,129
T418241,F1304,D512,Maize,Kharif,586,NPK,Mandya,West Block,208
T499969,F1388,D518,Wheat,Rabi,232,DAP,Rampur,West Block,327
T911799,F1187,D513,Rice,Kharif,985,Urea,Rampur,West Block,141
T231994,F1054,D509,Rice,Kharif,738,DAP,Lakshmipur,West Block,186
T603765,F1242,D522,Rice,Kharif,325,NPK,Rampur,North Block,197
T545112,F1169,D514,Wheat,Kharif,497,NPK,Khandwa,South Block,195
T233730,F1165,D505,Sugarcane,Rabi,239,NPK,Mandya,South Block,307
T695436,F1319,D511,Maize,Kharif,263,NPK,Khandwa,North Block,185
T735554,F1016,D509,Sugarcane,Kharif,1021,DAP,Bikaner,West Block,135
T749111,F1060,D510,Maize,Kharif,100,DAP,Khandwa,South Block,200
T302298,F1170,D506,Wheat,Kharif,390,DAP,Khandwa,East Block,190
T813728,F1351,D505,Maize,Kharif,286,Urea,Khandwa,South Block,139
T804527,F1387,D514,Wheat,Rabi,307,NPK,Lakshmipur,South Block,400
T713848,F1087,D501,Wheat,Kharif,312,NPK,Bikaner,North Block,218
T999381,F1212,D505,Wheat,Rabi,378,NPK,Mandya,South Block,374
T752677,F1030,D524,Sugarcane,Rabi,268,Urea,Dharwad,South Block,413
T939082,F1055,D503,Sugarcane,Rabi,212,DAP,Mandya,East Block,369
T948469,F1251,D505,Wheat,Kharif,139,NPK,Dharwad,South Block,23
T396772,F1198,D503,Wheat,Kharif,287,Urea,Dharwad,East Block,134
T988235,F1229,D505,Wheat,Rabi,248,NPK,Lakshmipur,South Block,383
T177762,F1145,D505,Wheat,Kharif,213,NPK,Rampur,South Block,200
T488589,F1091,D516,Maize,Kharif,333,DAP,Mandya,West Block,194
T215902,F1036,D520,Sugarcane,Rabi,377,DAP,Bikaner,North Block,385
T704236,F1264,D513,Cotton,Kharif,219,Urea,Khandwa,West Block,170
T293725,F1101,D503,Cotton,Kharif,808,DAP,Rampur,East Block,207
T349592,F1081,D519,Rice,Kharif,905,NPK,Bikaner,South Block,217
T918164,F1298,D507,Cotton,Kharif,1160,NPK,Bikaner,East Block,182
T737587,F1033,D506,Wheat,Kharif,494,DAP,Khandwa,East Block,133
T300097,F1087,D508,Wheat,Kharif,354,DAP,Bikaner,East Block,124
T791258,F1147,D511,Cotton,Kharif,730,NPK,Mandya,North Block,218
T915393,F1151,D511,Cotton,Kharif,1076,Urea,Mandya,North Block,172
T411970,F1238,D516,Wheat,Kharif,127,DAP,Lakshmipur,West Block,194
T593479,F1120,D519,Sugarcane,Rabi,871,DAP,Lakshmipur,South Block,410
T885465,F1244,D521,Rice,Kharif,533,DAP,Khandwa,South Block,138
T525910,GX5565,D502,Maize,Kharif,374,Urea,Khandwa,East Block,138
T665968,F1390,D508,Sugarcane,Rabi,100,NPK,Rampur,East Block,416
T196089,F1379,D514,Maize,Kharif,200,Urea,Dharwad,South Block,155
T511168,F1361,D508,Maize,Kharif,463,NPK,Mandya,East Block,214
T626198,F1255,D508,Wheat,Rabi,99,DAP,Dharwad,East Block,378
T672838,F1051,D500,Sugarcane,Kharif,723,NPK,Lakshmipur,East Block,212
T340461,F1195,D508,Cotton,Kharif,553,Urea,Dharwad,East Block,126
T162062,F1354,D510,Sugarcane,Rabi,134,Urea,Mandya,South Block,413
T515847,F1179,D501,Sugarcane,Kharif,455,NPK,Rampur,North Block,125
T763368,F1344,D501,Wheat,Kharif,298,DAP,Khandwa,North Block,218
T934420,F1197,D513,Maize,Rabi,481,DAP,Khandwa,West Block,353
T918649,F1142,D501,Rice,Rabi,129,Urea,Khandwa,North Block,354
T380578,F1235,D503,Rice,Rabi,354,Urea,Bikaner,East Block,314
T786480,F1028,D518,Maize,Kharif,228,Urea,Rampur,West Block,186
T663462,F1133,D519,Maize,Kharif,49,Urea,Dharwad,South Block,173
T552655,F1128,D516,Maize,Kharif,178,Urea,Dharwad,West Block,197
T792052,F1059,D513,Cotton,Kharif,378,Urea,Khandwa,West Block,186
T584930,F1242,D507,Rice,Kharif,424,DAP,Rampur,East Block,198
T866991,F1007,D515,Wheat,Rabi,594,DAP,Dharwad,South Block,19
T707236,F1028,D506,Maize,Kharif,209,DAP,Rampur,East Block,167
T622776,F1286,D522,Maize,Rabi,496,NPK,Dharwad,North Block,409
T963807,F1186,D519,Maize,Rabi,429,DAP,Mandya,South Block,444
T808207,F1398,D508,Cotton,Kharif,915,DAP,Rampur,East Block,177
T954145,F1136,D504,Cotton,Rabi,333,Urea,Lakshmipur,West Block,345
T770819,F1075,D501,Rice,Rabi,84,DAP,Mandya,North Block,356
T107548,F1098,D520,Wheat,Rabi,44,NPK,Rampur,North Block,343
T269242,F1325,D502,Rice,Kharif,274,DAP,Dharwad,East Block,191
T852629,F1063,D515,Cotton,Rabi,925,DAP,Bikaner,South Block,341
T201172,F1137,D516,Maize,Rabi,611,DAP,Bikaner,West Block,339
T575729,F1264,D506,Cotton,Kharif,506,DAP,Khandwa,East Block,147
T499256,F1259,D514,Wheat,Kharif,471,NPK,Rampur,South Block,163
T510103,F1374,D518,Cotton,Kharif,571,DAP,Lakshmipur,West Block,204
T516505,F1081,D505,Rice,Kharif,496,Urea,Bikaner,South Block,186
T684433,GX4835,D521,Maize,Rabi,107,Urea,Mandya,South Block,359
T777244,F1399,D522,Cotton,Rabi,57,NPK,Mandya,North Block,433
T471495,F1145,D508,Wheat,Kharif,198,NPK,Rampur,East Block,214
T192800,F1169,D508,Wheat,Kharif,420,NPK,Khandwa,East Block,163
T499376,F1201,D522,Wheat,Kharif,578,Urea,Khandwa,North Block,132
T149330,F1002,D502,Rice,Rabi,464,Urea,Dharwad,East Block,427
T115282,F1148,D506,Maize,Kharif,110,NPK,Khandwa,East Block,197
T921793,F1274,D501,Maize,Rabi,316,DAP,Khandwa,East Block,380
T827622,F1390,D509,Sugarcane,Rabi,175,DAP,Rampur,West Block,349
T871772,F1081,D508,Rice,Kharif,1003,DAP,Bikaner,East Block,136
T474671,F1197,D515,Maize,Rabi,194,DAP,Khandwa,South Block,333
T532567,F1161,D517,Sugarcane,Kharif,570,DAP,Lakshmipur,North Block,219
T101744,F1245,D503,Cotton,Kharif,793,NPK,Dharwad,East Block,205
T617414,F1020,D506,Cotton,Rabi,6171,NPK,Mandya,East Block,346
T830523,F1207,D503,Rice,Rabi,183,NPK,Khandwa,East Block,370
T594797,F1032,D513,Maize,Rabi,141,NPK,Khandwa,West Block,405
T620717,F1155,D508,Rice,Rabi,606,NPK,Mandya,East Block,16
T242530,F1192,D505,Wheat,Kharif,221,Urea,Bikaner,South Block,126
T347963,F1162,D518,Wheat,Rabi,156,NPK,Mandya,West Block,378
T672732,F1299,D518,Wheat,Rabi,1548,Urea,Dharwad,West Block,413
T432048,F1227,D515,Maize,Kharif,59,DAP,Mandya,South Block,127
T691774,F1150,D515,Cotton,Kharif,1026,DAP,Mandya,South Block,129
T690397,GX6459,D504,Maize,Kharif,382,Urea,Khandwa,West Block,212
T800494,F1289,D504,Sugarcane,Kharif,722,DAP,Khandwa,West Block,191
T224700,F1092,D519,Maize,Kharif,484,Urea,Lakshmipur,South Block,174
T361031,F1044,D513,Sugarcane,Rabi,1422,DAP,Mandya,West Block,428
T528720,F1273,D509,Sugarcane,Kharif,135,NPK,Rampur,West Block,212
T654870,GX1244,D508,Wheat,Rabi,280,DAP,Lakshmipur,East Block,317
T892373,F1195,D502,Cotton,Kharif,259,Urea,Dharwad,East Block,164
T848933,F1057,D511,Wheat,Kharif,130,Urea,Khandwa,North Block,138
T380476,F1261,D515,Rice,Rabi,455,Urea,Lakshmipur,South Block,339
T969515,F1340,D505,Wheat,Rabi,364,NPK,Rampur,South Block,351
T536769,F1304,D500,Maize,Kharif,497,NPK,Mandya,East Block,167
T682192,F1223,D501,Sugarcane,Kharif,505,NPK,Rampur,North Block,209
T352825,F1210,D506,Wheat,Kharif,420,DAP,Dharwad,East Block,24
T693349,F1166,D500,Sugarcane,Kharif,372,Urea,Bikaner,East Block,146
T839706,F1054,D516,Rice,Kharif,848,DAP,Lakshmipur,West Block,156
T188431,F1227,D507,Maize,Kharif,67,DAP,Mandya,East Block,188
T685024,F1021,D501,Wheat,Rabi,276,Urea,Rampur,North Block,442
T417070,F1108,D507,Wheat,Rabi,268,NPK,Rampur,East Block,435
T262517,F1149,D508,Cotton,Rabi,694,DAP,Bikaner,East Block,364
T391098,F1004,D503,Cotton,Rabi,248,NPK,Mandya,East Block,380
T139689,F1053,D504,Cotton,Rabi,498,Urea,Rampur,West Block,356
T945240,F1349,D517,Rice,Rabi,541,DAP,Rampur,North Block,353
T648316,F1117,D503,Cotton,Kharif,706,DAP,Khandwa,East Block,166
T199160,GX4969,D512,Wheat,Rabi,293,NPK,Lakshmipur,West Block,349
T828339,F1300,D507,Rice,Rabi,446,DAP,Bikaner,East Block,393
T509311,F1005,D500,Maize,Kharif,232,DAP,Lakshmipur,East Block,121
T937225,F1179,D522,Sugarcane,Kharif,497,Urea,Rampur,North Block,150
T397500,F1352,D516,Wheat,Rabi,264,DAP,Khandwa,West Block,333
T437053,F1140,D519,Maize,Kharif,246,NPK,Lakshmipur,South Block,161
T578279,F1368,D524,Wheat,Kharif,685,DAP,Rampur,South Block,11
T687568,F1109,D521,Cotton,Rabi,1033,DAP,Dharwad,South Block,414
T926132,F1119,D524,Cotton,Kharif,364,NPK,Khandwa,South Block,209
T958711,F1232,D511,Rice,Rabi,162,DAP,Dharwad,North Block,347
T102000,F1212,D507,Wheat,Rabi,707,NPK,Mandya,East Block,405
T182118,F1024,D521,Cotton,Kharif,746,Urea,Bikaner,South Block,216
T655553,F1056,D506,Maize,Kharif,336,NPK,Lakshmipur,East Block,157
T407817,F1387,D513,Wheat,Rabi,495,NPK,Lakshmipur,West Block,439
T235351,F1355,D511,Cotton,Rabi,277,Urea,Bikaner,North Block,335
T777366,F1373,D515,Maize,Rabi,260,Urea,Dharwad,South Block,21
T277270,F1118,D509,Sugarcane,Kharif,3520,DAP,Rampur,West Block,203
T530602,F1375,D509,Maize,Rabi,254,DAP,Rampur,West Block,424
T315088,F1082,D518,Maize,Rabi,602,DAP,Khandwa,West Block,324
T253068,F1305,D500,Wheat,Kharif,518,NPK,Lakshmipur,East Block,9
T664803,GX6211,D522,Wheat,Kharif,240,DAP,Mandya,North Block,163
T311035,F1023,D523,Wheat,Rabi,244,Urea,Lakshmipur,East Block,435
T342779,F1320,D501,Rice,Kharif,316,Urea,Dharwad,North Block,208
T813336,F1025,D523,Wheat,Kharif,287,DAP,Mandya,East Block,214
T306953,F1354,D521,Sugarcane,Rabi,180,Urea,Mandya,South Block,344
T537832,F1279,D519,Rice,Rabi,682,Urea,Bikaner,South Block,412
T122465,F1254,D506,Sugarcane,Kharif,124,Urea,Lakshmipur,East Block,157
T695682,F1025,D522,Wheat,Kharif,2970,NPK,Mandya,North Block,144
T194591,F1348,D508,Rice,Rabi,468,DAP,Dharwad,East Block,438
T800179,F1395,D503,Maize,Kharif,73,DAP,Lakshmipur,East Block,167
T375072,F1284,D507,Rice,Rabi,395,Urea,Rampur,East Block,383
T691795,F1395,D505,Maize,Kharif,125,NPK,Lakshmipur,South Block,124
T151108,F1087,D508,Wheat,Kharif,395,DAP,Bikaner,East Block,124
T544512,F1017,D523,Rice,Kharif,209,NPK,Bikaner,East Block,198
T954467,F1169,D516,Wheat,Kharif,433,NPK,Khandwa,West Block,179
T216671,F1379,D515,Maize,Kharif,235,NPK,Dharwad,South Block,171
T492869,F1080,D511,Wheat,Rabi,410,Urea,Lakshmipur,North Block,404
T494955,F1210,D505,Wheat,Kharif,437,DAP,Dharwad,South Block,154
T585877,F1043,D517,Wheat,Kharif,55,DAP,Dharwad,North Block,17
T182711,F1005,D522,Maize,Kharif,295,Urea,Lakshmipur,North Block,144
T627506,GX1500,D508,Wheat,Rabi,597,DAP,Lakshmipur,East Block,320
T257141,GX3896,D519,Wheat,Rabi,230,DAP,Lakshmipur,South Block,370
T937467,F1204,D519,Maize,Rabi,335,Urea,Rampur,South Block,376
T475858,F1063,D517,Cotton,Rabi,1009,Urea,Bikaner,North Block,408
T146217,F1393,D509,Wheat,Kharif,385,DAP,Mandya,West Block,198
T267347,F1148,D514,Maize,Kharif,84,NPK,Khandwa,South Block,164
T206303,F1279,D512,Rice,Rabi,520,NPK,Bikaner,West Block,354
T271601,F1386,D515,Wheat,Rabi,236,Urea,Lakshmipur,South Block,314
T348799,F1173,D509,Wheat,Rabi,361,DAP,Bikaner,West Block,323
T420425,F1113,D517,Maize,Rabi,337,DAP,Mandya,North Block,376
T104127,F1161,D509,Sugarcane,Kharif,756,DAP,Lakshmipur,West Block,141
T835835,F1280,D503,Wheat,Rabi,110,DAP,Khandwa,East Block,325
T538135,F1048,D509,Maize,Kharif,174,DAP,Rampur,West Block,169
T417628,F1065,D511,Maize,Kharif,68,DAP,Khandwa,North Block,199
T893290,F1287,D502,Cotton,Kharif,1085,NPK,Dharwad,East Block,12
T266327,F1354,D511,Sugarcane,Rabi,196,NPK,Mandya,North Block,338
T701325,F1054,D509,Rice,Kharif,424,Urea,Lakshmipur,West Block,162
T986275,F1226,D507,Sugarcane,Kharif,402,DAP,Lakshmipur,East Block,163
T805965,F1074,D506,Maize,Kharif,161,DAP,Bikaner,East Block,177
T174455,F1349,D524,Rice,Rabi,655,DAP,Rampur,South Block,371
T321598,F1243,D524,Maize,Kharif,4968,NPK,Rampur,South Block,219
T965884,F1228,D502,Rice,Kharif,206,DAP,Khandwa,East Block,124
T554041,F1179,D521,Sugarcane,Kharif,417,NPK,Rampur,South Block,185
T754036,F1047,D502,Wheat,Kharif,85,NPK,Khandwa,East Block,166
T695012,F1280,D508,Wheat,Rabi,91,DAP,Khandwa,East Block,359
T494586,F1262,D501,Maize,Rabi,403,NPK,Rampur,North Block,404
T211206,F1111,D500,Rice,Kharif,272,Urea,Rampur,East Block,139
T178178,F1226,D524,Sugarcane,Kharif,538,NPK,Lakshmipur,South Block,174
T936606,F1038,D509,Cotton,Kharif,253,NPK,Khandwa,West Block,164
T100737,F1161,D512,Sugarcane,Kharif,710,DAP,Lakshmipur,West Block,218
T976102,F1315,D521,Sugarcane,Kharif,985,Urea,Khandwa,South Block,131
T512127,GX4521,D513,Maize,Kharif,66,NPK,Khandwa,West Block,170
T465127,F1398,D518,Cotton,Kharif,1163,DAP,Rampur,West Block,166
T470982,F1346,D521,Sugarcane,Rabi,859,Urea,Dharwad,South Block,371
T829472,F1182,D508,Maize,Kharif,174,DAP,Dharwad,East Block,164
T941149,F1327,D502,Sugarcane,Rabi,458,NPK,Bikaner,East Block,316
T375864,F1100,D503,Maize,Rabi,238,NPK,Mandya,East Block,429
T250047,F1191,D517,Maize,Kharif,262,Urea,Rampur,North Block,204
T467784,F1107,D517,Maize,Rabi,429,NPK,Dharwad,North Block,362
T205260,F1126,D518,Rice,Rabi,132,Urea,Bikaner,West Block,340
T386988,F1281,D505,Sugarcane,Rabi,921,NPK,Mandya,South Block,5
T952200,F1008,D514,Maize,Kharif,63,DAP,Dharwad,South Block,191
T380936,F1380,D513,Rice,Rabi,546,DAP,Bikaner,West Block,375
T810673,F1150,D518,Cotton,Kharif,1108,Urea,Mandya,West Block,186
T674656,F1319,D500,Maize,Kharif,360,NPK,Khandwa,East Block,24
T551760,F1064,D514,Sugarcane,Kharif,324,NPK,Rampur,South Block,143
T851833,F1031,D514,Maize,Rabi,104,NPK,Lakshmipur,South Block,445
T237204,F1061,D520,Maize,Rabi,95,Urea,Mandya,North Block,351
T359171,F1310,D512,Wheat,Rabi,128,NPK,Dharwad,West Block,380
T867653,F1190,D507,Rice,Rabi,238,Urea,Dharwad,East Block,338
T969921,F1294,D514,Cotton,Rabi,247,Urea,Rampur,South Block,439
T764660,F1265,D520,Cotton,Rabi,213,Urea,Rampur,North Block,324
T680156,F1099,D521,Cotton,Kharif,544,Urea,Mandya,South Block,202
T884890,F1052,D502,Cotton,Rabi,896,NPK,Lakshmipur,East Block,402
T484353,F1143,D522,Sugarcane,Kharif,573,DAP,Mandya,North Block,161
T632671,F1106,D513,Sugarcane,Kharif,680,NPK,Dharwad,West Block,205
T726655,F1045,D513,Wheat,Rabi,304,DAP,Rampur,West Block,338
T669981,F1143,D516,Sugarcane,Kharif,894,NPK,Mandya,West Block,202
T458253,F1253,D518,Maize,Kharif,82,NPK,Dharwad,West Block,201
T677624,F1272,D510,Maize,Rabi,230,DAP,Lakshmipur,South Block,423
T561565,F1174,D514,Sugarcane,Kharif,296,Urea,Dharwad,South Block,166
T692287,F1112,D513,Sugarcane,Kharif,1320,NPK,Dharwad,West Block,181
T973589,F1359,D500,Sugarcane,Kharif,1309,DAP,Khandwa,East Block,149
T569561,F1061,D506,Maize,Rabi,107,NPK,Mandya,East Block,312
T899519,F1032,D507,Maize,Rabi,338,DAP,Khandwa,East Block,359
T967957,F1356,D515,Maize,Kharif,119,NPK,Mandya,South Block,198
T185786,F1338,D521,Cotton,Rabi,527,NPK,Mandya,South Block,302
T907079,F1341,D500,Sugarcane,Kharif,369,NPK,Khandwa,East Block,175
T351064,F1113,D521,Maize,Rabi,421,NPK,Mandya,South Block,314
T691725,F1300,D502,Rice,Rabi,316,NPK,Bikaner,East Block,365
T309296,F1120,D515,Sugarcane,Rabi,999,Urea,Lakshmipur,South Block,386
T726262,F1052,D508,Cotton,Rabi,575,Urea,Lakshmipur,East Block,341
T171053,F1323,D510,Cotton,Rabi,893,NPK,Khandwa,South Block,317
T460619,F1032,D513,Maize,Rabi,334,Urea,Khandwa,West Block,426
T470172,F1047,D518,Wheat,Kharif,89,Urea,Khandwa,West Block,190
T790478,F1052,D521,Cotton,Rabi,531,Urea,Lakshmipur,South Block,341
T269873,GX1528,D511,Cotton,Kharif,502,DAP,Dharwad,North Block,122
T667612,F1190,D506,Rice,Rabi,230,Urea,Dharwad,East Block,351
T142581,F1370,D505,Cotton,Rabi,765,Urea,Mandya,South Block,342
T110097,F1326,D512,Wheat,Kharif,660,Urea,Bikaner,West Block,143
T466789,F1190,D506,Rice,Rabi,221,Urea,Dharwad,East Block,437
T202099,F1181,D515,Wheat,Rabi,3663,Urea,Rampur,South Block,414
T563826,F1056,D519,Maize,Kharif,178,NPK,Lakshmipur,South Block,194
T816949,F1051,D520,Sugarcane,Kharif,735,DAP,Lakshmipur,North Block,148
T491249,F1072,D502,Sugarcane,Kharif,1152,Urea,Lakshmipur,East Block,120
T190759,F1227,D512,Maize,Kharif,42,DAP,Mandya,West Block,166
T739521,GX8197,D518,Wheat,Rabi,180,DAP,Rampur,West Block,306
T880679,F1264,D518,Cotton,Kharif,336,NPK,Khandwa,West Block,10
T207476,F1189,D520,Maize,Kharif,370,DAP,Bikaner,North Block,15
T861149,F1261,D521,Rice,Rabi,938,NPK,Lakshmipur,South Block,403
T971964,F1039,D518,Rice,Rabi,214,DAP,Khandwa,West Block,337
T824012,F1302,D520,Wheat,Rabi,553,DAP,Dharwad,North Block,345
T502414,F1020,D522,Cotton,Rabi,663,Urea,Mandya,North Block,438
T136932,F1352,D504,Wheat,Rabi,233,NPK,Khandwa,West Block,434
T772417,F1370,D501,Cotton,Rabi,687,DAP,Mandya,North Block,338
T785760,F1249,D512,Sugarcane,Rabi,482,NPK,Khandwa,West Block,335
T930289,F1069,D515,Maize,Rabi,229,Urea,Bikaner,South Block,424
T223051,F1189,D507,Maize,Kharif,258,DAP,Bikaner,East Block,205
T987753,F1171,D513,Maize,Rabi,171,Urea,Khandwa,West Block,14
T962291,F1397,D510,Sugarcane,Rabi,280,DAP,Lakshmipur,South Block,388
T292689,F1298,D505,Cotton,Kharif,718,Urea,Bikaner,South Block,209
T701478,F1343,D505,Sugarcane,Rabi,1220,Urea,Mandya,South Block,405
T931994,F1041,D517,Rice,Kharif,338,Urea,Dharwad,North Block,188
T267392,F1013,D515,Maize,Rabi,110,NPK,Mandya,South Block,21
T974890,GX6852,D508,Wheat,Rabi,369,DAP,Rampur,East Block,449
T490571,GX2929,D521,Wheat,Kharif,518,NPK,Rampur,South Block,123
T296867,F1344,D502,Wheat,Kharif,441,NPK,Khandwa,East Block,127
T592752,F1009,D504,Wheat,Kharif,231,Urea,Mandya,West Block,137
T684925,F1199,D522,Cotton,Kharif,472,Urea,Bikaner,North Block,216
T910047,F1299,D504,Wheat,Rabi,188,Urea,Dharwad,West Block,301
T400993,F1381,D505,Wheat,Rabi,288,DAP,Lakshmipur,South Block,425
T149821,F1285,D510,Rice,Kharif,703,DAP,Rampur,South Block,170
T262112,F1361,D524,Maize,Kharif,675,NPK,Mandya,South Block,157
T786195,GX7460,D524,Sugarcane,Rabi,173,NPK,Rampur,South Block,381
T869713,F1030,D512,Sugarcane,Rabi,261,NPK,Dharwad,West Block,426
T117331,F1101,D515,Cotton,Kharif,562,DAP,Rampur,South Block,198
T264295,F1208,D519,Sugarcane,Kharif,252,DAP,Bikaner,South Block,133
T551276,F1142,D503,Rice,Rabi,167,DAP,Khandwa,East Block,316
T920068,F1202,D524,Wheat,Kharif,536,NPK,Rampur,South Block,189
T560750,F1150,D505,Cotton,Kharif,1301,DAP,Mandya,South Block,141
T364018,F1206,D519,Cotton,Kharif,224,DAP,Khandwa,South Block,142
T555528,F1164,D504,Wheat,Kharif,396,DAP,Rampur,West Block,164
T382674,F1052,D502,Cotton,Rabi,642,DAP,Lakshmipur,East Block,397
T450732,F1184,D505,Wheat,Kharif,486,DAP,Rampur,South Block,201
T906065,F1036,D514,Sugarcane,Rabi,559,NPK,Bikaner,South Block,338
T612290,F1133,D524,Maize,Kharif,101,DAP,Dharwad,South Block,180
T101421,F1382,D501,Rice,Kharif,252,NPK,Bikaner,West Block,201
T995476,F1090,D506,Sugarcane,Rabi,926,Urea,Lakshmipur,East Block,441
T633698,F1159,D502,Wheat,Rabi,518,Urea,Khandwa,East Block,357
T864230,F1006,D501,Cotton,Kharif,978,DAP,Dharwad,North Block,152
T643557,F1046,D522,Wheat,Rabi,218,Urea,Lakshmipur,North Block,337
T915606,F1398,D516,Cotton,Kharif,838,NPK,Rampur,West Block,141
T868285,GX2790,D516,Maize,Rabi,97,DAP,Khandwa,West Block,337
T298185,F1379,D509,Maize,Kharif,319,DAP,Dharwad,West Block,13
T466142,F1236,D516,Maize,Kharif,255,NPK,Mandya,West Block,188
T576203,F1378,D504,Sugarcane,Rabi,1114,Urea,Lakshmipur,West Block,407
T311815,F1158,D521,Rice,Rabi,1081,Urea,Bikaner,South Block,347
T636398,F1295,D520,Maize,Kharif,316,DAP,Khandwa,North Block,209
T116445,F1196,D516,Maize,Rabi,529,NPK,Lakshmipur,West Block,415
T297321,F1261,D500,Rice,Rabi,617,NPK,Lakshmipur,East Block,410
T561374,F1025,D507,Wheat,Kharif,352,Urea,Mandya,East Block,135
T979515,F1395,D513,Maize,Kharif,112,Urea,Lakshmipur,West Block,137
T774188,F1346,D518,Sugarcane,Rabi,983,Urea,Dharwad,West Block,385
T966680,F1180,D508,Rice,Rabi,1050,DAP,Rampur,East Block,403
T498591,F1367,D512,Sugarcane,Rabi,4352,DAP,Khandwa,West Block,373
T578157,F1343,D509,Sugarcane,Rabi,109,Urea,Mandya,West Block,414
T572062,F1107,D523,Maize,Rabi,363,Urea,Dharwad,East Block,313
T965108,F1372,D514,Maize,Kharif,195,Urea,Rampur,South Block,173
T613437,F1265,D515,Cotton,Rabi,249,Urea,Rampur,South Block,313
T296245,F1081,D508,Rice,Kharif,904,NPK,Bikaner,East Block,142
T186794,F1110,D509,Rice,Rabi,102,NPK,Dharwad,West Block,304
T934517,F1061,D522,Maize,Rabi,111,NPK,Mandya,North Block,337
T536898,F1261,D508,Rice,Rabi,821,Urea,Lakshmipur,East Block,365
T200498,F1097,D500,Sugarcane,Kharif,748,NPK,Mandya,East Block,162
T551884,F1012,D512,Rice,Kharif,388,Urea,Bikaner,West Block,198
T735915,F1143,D513,Sugarcane,Kharif,621,DAP,Mandya,West Block,187
T389091,F1042,D501,Cotton,Rabi,834,NPK,Mandya,North Block,303
T977227,F1178,D511,Wheat,Kharif,341,DAP,Bikaner,North Block,204
T255050,GX3744,D510,Rice,Rabi,281,NPK,Bikaner,South Block,341
T157738,F1171,D517,Maize,Rabi,154,Urea,Khandwa,North Block,430
T582631,GX4283,D512,Maize,Kharif,104,Urea,Khandwa,West Block,173
T142677,F1331,D516,Sugarcane,Kharif,792,Urea,Bikaner,West Block,129
T429821,F1329,D513,Rice,Kharif,49,NPK,Bikaner,West Block,188
T441877,F1014,D521,Sugarcane,Kharif,1258,Urea,Lakshmipur,South Block,159
T813251,F1252,D514,Maize,Rabi,73,NPK,Khandwa,South Block,322
T844726,F1340,D517,Wheat,Rabi,163,DAP,Rampur,North Block,14
T643468,F1263,D516,Maize,Kharif,118,Urea,Dharwad,West Block,208
T680056,F1071,D513,Sugarcane,Kharif,275,DAP,Bikaner,West Block,181
T230986,F1169,D502,Wheat,Kharif,355,DAP,Khandwa,East Block,195
T675908,F1107,D512,Maize,Rabi,446,Urea,Dharwad,West Block,362
T215100,F1033,D521,Wheat,Kharif,496,Urea,Khandwa,South Block,200
T716166,F1269,D517,Rice,Kharif,492,DAP,Lakshmipur,North Block,207
T255675,F1363,D524,Wheat,Kharif,337,Urea,Rampur,South Block,140
T951346,F1378,D500,Sugarcane,Rabi,950,NPK,Lakshmipur,East Block,346
T232710,F1172,D514,Sugarcane,Rabi,1279,Urea,Bikaner,South Block,364
T212445,F1309,D507,Wheat,Kharif,377,DAP,Bikaner,East Block,213
T542082,F1073,D507,Maize,Rabi,408,NPK,Khandwa,East Block,314
T857440,F1122,D513,Sugarcane,Rabi,759,DAP,Bikaner,West Block,406
T774297,F1012,D511,Rice,Kharif,364,NPK,Bikaner,North Block,167
T558665,F1069,D512,Maize,Rabi,215,Urea,Bikaner,West Block,328
T243294,F1117,D502,Cotton,Kharif,966,Urea,Khandwa,East Block,189
T393400,F1027,D506,Sugarcane,Kharif,466,NPK,Rampur,East Block,152
T448555,F1064,D500,Sugarcane,Kharif,295,Urea,Rampur,East Block,141
T912943,F1237,D504,Cotton,Rabi,812,Urea,Khandwa,West Block,378
T128856,F1177,D513,Cotton,Kharif,376,DAP,Rampur,West Block,212
T338047,F1389,D508,Wheat,Rabi,610,NPK,Rampur,East Block,360
T720687,F1099,D504,Cotton,Kharif,945,NPK,Mandya,West Block,197
T826633,F1140,D512,Maize,Kharif,284,DAP,Lakshmipur,West Block,194
T628107,F1120,D505,Sugarcane,Rabi,852,DAP,Lakshmipur,South Block,314
T557022,F1235,D513,Rice,Rabi,338,NPK,Bikaner,West Block,392
T425617,F1211,D515,Cotton,Kharif,363,DAP,Rampur,South Block,198
T723943,F1072,D511,Sugarcane,Kharif,897,Urea,Lakshmipur,North Block,193
T341309,F1049,D501,Maize,Kharif,644,Urea,Khandwa,North Block,205
T655197,F1233,D511,Cotton,Rabi,888,NPK,Dharwad,North Block,363
T581284,F1117,D504,Cotton,Kharif,581,NPK,Khandwa,West Block,139
T582850,F1116,D502,Sugarcane,Kharif,701,DAP,Rampur,East Block,172
T683842,F1016,D504,Sugarcane,Kharif,1048,NPK,Bikaner,West Block,202
T990983,F1340,D524,Wheat,Rabi,336,NPK,Rampur,South Block,352
T528159,F1131,D500,Cotton,Kharif,424,Urea,Mandya,East Block,160
T181376,GX1694,D507,Rice,Kharif,244,DAP,Bikaner,East Block,139
T418524,F1167,D502,Rice,Kharif,344,Urea,Khandwa,East Block,157
T813123,F1287,D516,Cotton,Kharif,906,DAP,Dharwad,West Block,185
T544331,F1198,D519,Wheat,Kharif,373,DAP,Dharwad,South Block,214
T532747,F1342,D502,Rice,Kharif,387,Urea,Rampur,East Block,137
T982656,F1117,D509,Cotton,Kharif,632,DAP,Khandwa,West Block,187
T708923,F1025,D519,Wheat,Kharif,316,DAP,Mandya,South Block,120
T884184,F1290,D516,Sugarcane,Rabi,1047,Urea,Bikaner,West Block,338
T742821,F1198,D500,Wheat,Kharif,108,Urea,Dharwad,West Block,169
T148036,F1235,D511,Rice,Rabi,458,NPK,Bikaner,North Block,330
T442346,F1182,D521,Maize,Kharif,168,NPK,Dharwad,South Block,158
T420601,F1350,D522,Cotton,Kharif,438,NPK,Rampur,North Block,202
T567296,F1383,D501,Rice,Rabi,263,Urea,Lakshmipur,North Block,426
T101373,F1029,D524,Cotton,Rabi,762,NPK,Dharwad,South Block,388
T218952,F1019,D515,Maize,Rabi,169,DAP,Khandwa,South Block,429
T278576,F1073,D507,Maize,Rabi,430,DAP,Khandwa,East Block,339
T898022,F1292,D511,Rice,Kharif,550,Urea,Khandwa,North Block,189
T580756,F1237,D512,Cotton,Rabi,960,Urea,Khandwa,West Block,324
T164392,F1176,D506,Rice,Kharif,485,DAP,Khandwa,East Block,165
T345543,GX4301,D518,Cotton,Kharif,453,DAP,Rampur,West Block,151
T778575,F1236,D519,Maize,Kharif,267,DAP,Mandya,South Block,203
T865523,F1067,D513,Sugarcane,Rabi,1142,NPK,Khandwa,West Block,361
T477750,F1358,D506,Sugarcane,Kharif,1082,NPK,Dharwad,East Block,125
T817798,F1049,D521,Maize,Kharif,429,NPK,Khandwa,South Block,184
T209140,F1173,D516,Wheat,Rabi,575,Urea,Bikaner,West Block,373
T689956,F1125,D500,Sugarcane,Kharif,810,DAP,Khandwa,East Block,208
T265690,F1064,D500,Sugarcane,Kharif,329,Urea,Rampur,East Block,144
T284040,F1259,D517,Wheat,Kharif,397,DAP,Rampur,North Block,156
T572424,F1255,D524,Wheat,Rabi,111,NPK,Dharwad,South Block,378
T236138,F1060,D502,Maize,Kharif,110,NPK,Khandwa,East Block,144
T800290,F1156,D518,Wheat,Rabi,595,Urea,Dharwad,West Block,436
T461147,F1299,D520,Wheat,Rabi,203,Urea,Dharwad,North Block,413
T882762,F1355,D512,Cotton,Rabi,227,Urea,Bikaner,West Block,386
T792055,F1020,D501,Cotton,Rabi,594,Urea,Mandya,North Block,374
T184265,F1216,D517,Sugarcane,Kharif,514,NPK,Rampur,North Block,188
T888252,F1302,D520,Wheat,Rabi,1820,NPK,Dharwad,North Block,308
T959190,F1085,D510,Wheat,Rabi,392,DAP,Khandwa,South Block,23
T878875,F1179,D502,Sugarcane,Kharif,452,Urea,Rampur,East Block,153
T372777,F1071,D522,Sugarcane,Kharif,135,DAP,Bikaner,North Block,168
T282148,F1315,D504,Sugarcane,Kharif,870,NPK,Khandwa,West Block,204
T313655,F1242,D515,Rice,Kharif,406,DAP,Rampur,South Block,139
T923183,F1356,D520,Maize,Kharif,122,DAP,Mandya,North Block,166
T803322,F1261,D500,Rice,Rabi,473,NPK,Lakshmipur,East Block,357
T861374,F1047,D502,Wheat,Kharif,97,Urea,Khandwa,East Block,127
T650869,F1024,D514,Cotton,Kharif,1384,NPK,Bikaner,South Block,180
T970275,F1201,D516,Wheat,Kharif,615,Urea,Khandwa,West Block,195
T348812,F1025,D523,Wheat,Kharif,353,DAP,Mandya,East Block,134
T626435,F1167,D508,Rice,Kharif,234,NPK,Khandwa,East Block,177
T743846,F1285,D514,Rice,Kharif,427,NPK,Rampur,South Block,162
T562789,F1019,D518,Maize,Rabi,143,NPK,Khandwa,West Block,362
T556609,GX8243,D504,Wheat,Rabi,156,DAP,Lakshmipur,West Block,313
T915152,F1216,D511,Sugarcane,Kharif,713,NPK,Rampur,North Block,200
T701182,F1208,D520,Sugarcane,Kharif,419,Urea,Bikaner,North Block,177
T725719,F1025,D519,Wheat,Kharif,322,Urea,Mandya,South Block,164
T676027,F1382,D505,Rice,Kharif,351,DAP,Bikaner,South Block,132
T210012,F1150,D510,Cotton,Kharif,968,Urea,Mandya,South Block,219
T587395,F1097,D517,Sugarcane,Kharif,556,NPK,Mandya,North Block,208
T736250,F1210,D507,Wheat,Kharif,427,Urea,Dharwad,East Block,156
T412430,F1189,D507,Maize,Kharif,305,Urea,Bikaner,East Block,194
T912399,F1211,D510,Cotton,Kharif,497,NPK,Rampur,South Block,179
T680645,F1084,D511,Wheat,Kharif,377,NPK,Bikaner,North Block,154
T354873,F1334,D517,Maize,Kharif,76,NPK,Bikaner,North Block,129
T739715,GX2908,D509,Wheat,Kharif,478,Urea,Rampur,West Block,189
T853652,F1278,D524,Rice,Rabi,537,DAP,Rampur,South Block,432
T414757,F1117,D509,Cotton,Kharif,756,NPK,Khandwa,West Block,16
T266799,F1008,D511,Maize,Kharif,61,Urea,Dharwad,North Block,176
T476535,F1016,D520,Sugarcane,Kharif,1141,DAP,Bikaner,North Block,196
T920390,GX9756,D508,Rice,Kharif,153,NPK,Dharwad,East Block,163
T295786,F1146,D516,Wheat,Rabi,563,NPK,Khandwa,West Block,401
T833613,F1049,D509,Maize,Kharif,464,NPK,Khandwa,West Block,183
T497740,F1236,D503,Maize,Kharif,400,Urea,Mandya,East Block,206
T467855,GX4635,D518,Cotton,Rabi,962,NPK,Bikaner,West Block,364
T573995,F1369,D511,Rice,Kharif,153,NPK,Khandwa,North Block,176
T262391,F1283,D503,Maize,Rabi,354,Urea,Dharwad,East Block,321
T311388,F1153,D522,Sugarcane,Rabi,763,DAP,Mandya,North Block,394
T447601,GX3079,D503,Wheat,Rabi,499,DAP,Rampur,East Block,426
T123966,F1014,D518,Sugarcane,Kharif,1310,DAP,Lakshmipur,West Block,154
T209104,F1032,D514,Maize,Rabi,491,DAP,Khandwa,South Block,336
T194959,F1113,D502,Maize,Rabi,438,Urea,Mandya,East Block,364
T657974,F1383,D517,Rice,Rabi,321,Urea,Lakshmipur,North Block,379
T162779,F1043,D515,Wheat,Kharif,91,Urea,Dharwad,South Block,166
T556232,F1189,D500,Maize,Kharif,363,NPK,Bikaner,East Block,200
T664577,F1081,D516,Rice,Kharif,668,NPK,Bikaner,West Block,152
T728475,F1001,D519,Cotton,Rabi,108,DAP,Mandya,South Block,350
T909053,F1336,D517,Maize,Kharif,173,NPK,Dharwad,North Block,186
T643205,F1063,D508,Cotton,Rabi,962,Urea,Bikaner,East Block,382
T419334,F1037,D511,Rice,Kharif,569,Urea,Dharwad,North Block,177
T768621,F1272,D519,Maize,Rabi,150,NPK,Lakshmipur,South Block,355
T995530,F1111,D521,Rice,Kharif,303,Urea,Rampur,South Block,131
T915028,F1213,D502,Wheat,Kharif,533,Urea,Rampur,East Block,187
T759466,F1075,D522,Rice,Rabi,94,DAP,Mandya,North Block,305
T237567,F1377,D520,Maize,Rabi,342,NPK,Bikaner,North Block,408
T369755,F1018,D518,Cotton,Rabi,141,Urea,Lakshmipur,West Block,427
T301255,F1149,D501,Cotton,Rabi,734,DAP,Bikaner,North Block,335
T869983,F1159,D515,Wheat,Rabi,540,DAP,Khandwa,South Block,350
T768358,F1298,D506,Cotton,Kharif,837,Urea,Bikaner,East Block,212
T909674,F1247,D501,Cotton,Rabi,605,Urea,Mandya,North Block,392
T540270,F1207,D502,Rice,Rabi,123,DAP,Khandwa,South Block,338
T377963,F1085,D500,Wheat,Rabi,276,DAP,Khandwa,East Block,433
T707254,F1125,D515,Sugarcane,Kharif,1001,NPK,Khandwa,South Block,5
T906663,F1392,D513,Rice,Rabi,2390,Urea,Bikaner,West Block,334
T917671,F1232,D500,Rice,Rabi,133,NPK,Dharwad,East Block,363
T492665,F1065,D511,Maize,Kharif,63,Urea,Khandwa,North Block,193
T195169,F1086,D509,Wheat,Kharif,466,DAP,Rampur,West Block,202
T926179,F1240,D524,Maize,Kharif,409,DAP,Bikaner,South Block,177
T999013,F1339,D505,Sugarcane,Rabi,1001,Urea,Bikaner,South Block,338
T365490,F1028,D511,Maize,Kharif,144,Urea,Rampur,North Block,134
T136642,F1221,D524,Maize,Kharif,187,NPK,Mandya,South Block,211
T862791,F1060,D503,Maize,Kharif,98,Urea,Khandwa,East Block,126
T740370,F1300,D524,Rice,Rabi,551,Urea,Bikaner,South Block,329
T909675,F1224,D500,Wheat,Rabi,332,NPK,Dharwad,East Block,432
T160543,F1251,D500,Wheat,Kharif,91,DAP,Dharwad,East Block,157
T572272,F1302,D505,Wheat,Rabi,476,DAP,Dharwad,South Block,435
T856963,F1378,D500,Sugarcane,Rabi,904,Urea,Lakshmipur,East Block,305
T426113,F1302,D510,Wheat,Rabi,517,NPK,Dharwad,South Block,421
T309056,F1126,D502,Rice,Rabi,302,NPK,Bikaner,East Block,423
T591232,F1304,D517,Maize,Kharif,404,NPK,Mandya,North Block,217
T519939,F1232,D501,Rice,Rabi,133,Urea,Dharwad,North Block,422
T784409,F1269,D500,Rice,Kharif,669,DAP,Lakshmipur,East Block,215
T532684,F1301,D520,Maize,Rabi,367,DAP,Rampur,North Block,372
T907949,F1029,D509,Cotton,Rabi,579,DAP,Dharwad,West Block,447
T610245,F1049,D508,Maize,Kharif,276,NPK,Khandwa,East Block,215
T879985,F1330,D517,Cotton,Kharif,572,DAP,Bikaner,North Block,209
T852086,F1168,D513,Cotton,Kharif,844,NPK,Khandwa,West Block,120
T387010,F1292,D513,Rice,Kharif,763,DAP,Khandwa,West Block,167
T117619,F1073,D516,Maize,Rabi,627,Urea,Khandwa,West Block,342
T380687,F1126,D510,Rice,Rabi,268,NPK,Bikaner,South Block,377
T283515,F1089,D501,Rice,Rabi,806,NPK,Mandya,North Block,423
T186243,F1008,D512,Maize,Kharif,79,NPK,Dharwad,West Block,172
T481890,GX7262,D513,Rice,Kharif,686,Urea,Dharwad,West Block,187
T363668,F1032,D514,Maize,Rabi,358,DAP,Khandwa,South Block,445
T573974,F1147,D517,Cotton,Kharif,809,Urea,Mandya,North Block,157
T969135,F1299,D503,Wheat,Rabi,175,Urea,Dharwad,East Block,425
T435106,F1335,D508,Wheat,Kharif,262,NPK,Dharwad,East Block,171
T106603,F1282,D510,Cotton,Kharif,619,NPK,Mandya,South Block,201
T959122,F1037,D512,Rice,Kharif,699,Urea,Dharwad,West Block,200
T555464,F1245,D514,Cotton,Kharif,1248,DAP,Dharwad,South Block,167
T880503,F1364,D522,Maize,Rabi,147,Urea,Bikaner,North Block,423
T750330,F1018,D506,Cotton,Rabi,165,NPK,Lakshmipur,East Block,438
T554953,F1152,D515,Cotton,Kharif,138,Urea,Dharwad,South Block,174
T782326,F1123,D500,Cotton,Kharif,377,NPK,Mandya,East Block,155
T834222,F1240,D509,Maize,Kharif,336,NPK,Bikaner,West Block,145
T768176,F1218,D511,Wheat,Rabi,171,Urea,Lakshmipur,North Block,351
T943299,F1219,D510,Sugarcane,Kharif,347,DAP,Khandwa,South Block,128
T627204,F1027,D519,Sugarcane,Kharif,313,Urea,Rampur,South Block,218
T580163,F1380,D500,Rice,Rabi,415,Urea,Bikaner,East Block,423
T442421,F1228,D512,Rice,Kharif,299,DAP,Khandwa,West Block,148
T469537,F1055,D500,Sugarcane,Rabi,168,DAP,Mandya,East Block,417
T982872,F1016,D520,Sugarcane,Kharif,1258,DAP,Bikaner,North Block,173
T278834,F1166,D511,Sugarcane,Kharif,712,Urea,Bikaner,North Block,179
T433183,F1279,D515,Rice,Rabi,694,NPK,Bikaner,South Block,317
T678883,F1276,D503,Sugarcane,Kharif,948,DAP,Rampur,East Block,191
T160161,F1152,D510,Cotton,Kharif,136,Urea,Dharwad,South Block,163
T164741,F1358,D513,Sugarcane,Kharif,1211,DAP,Dharwad,West Block,123
T270077,F1013,D515,Maize,Rabi,101,Urea,Mandya,South Block,431
T408073,F1168,D500,Cotton,Kharif,585,Urea,Khandwa,East Block,136
T449204,F1369,D505,Rice,Kharif,96,Urea,Khandwa,South Block,190
T919171,F1356,D516,Maize,Kharif,83,DAP,Mandya,West Block,192
T797496,F1037,D500,Rice,Kharif,509,NPK,Dharwad,East Block,165
T374481,F1064,D511,Sugarcane,Kharif,428,DAP,Rampur,North Block,130
T842643,F1276,D513,Sugarcane,Kharif,1033,Urea,Rampur,West Block,161
T253162,F1153,D520,Sugarcane,Rabi,779,Urea,Mandya,North Block,303
T703849,F1284,D502,Rice,Rabi,275,DAP,Rampur,East Block,420
T486508,GX7508,D505,Cotton,Rabi,1025,DAP,Bikaner,South Block,359
T703991,F1178,D516,Wheat,Kharif,385,DAP,Bikaner,West Block,122
T934420,F1371,D510,Cotton,Rabi,318,DAP,Mandya,South Block,345
T576313,F1244,D512,Rice,Kharif,356,DAP,Khandwa,West Block,176
T872532,F1070,D503,Sugarcane,Rabi,1204,DAP,Bikaner,East Block,406
T466333,GX5360,D502,Sugarcane,Rabi,1299,Urea,Mandya,East Block,430
T979891,F1062,D511,Wheat,Rabi,217,Urea,Dharwad,North Block,433
T841474,F1306,D520,Wheat,Kharif,88,DAP,Bikaner,North Block,161
T768610,F1042,D509,Cotton,Rabi,685,NPK,Mandya,West Block,22
T721536,F1397,D504,Sugarcane,Rabi,133,NPK,Lakshmipur,West Block,431
T566421,F1217,D500,Wheat,Kharif,98,NPK,Lakshmipur,East Block,142
T341576,F1078,D524,Sugarcane,Rabi,773,DAP,Khandwa,South Block,365
T810303,F1077,D518,Wheat,Kharif,279,DAP,Lakshmipur,West Block,184
T748039,F1006,D503,Cotton,Kharif,105,Urea,Dharwad,East Block,195
T409542,F1232,D516,Rice,Rabi,157,NPK,Dharwad,West Block,320
T476909,F1061,D506,Maize,Rabi,80,DAP,Mandya,East Block,361
T173639,F1309,D503,Wheat,Kharif,360,DAP,Bikaner,East Block,219
T169505,F1156,D500,Wheat,Rabi,560,NPK,Dharwad,East Block,345
T295192,F1156,D523,Wheat,Rabi,803,NPK,Dharwad,East Block,300
T540787,F1262,D512,Maize,Rabi,449,Urea,Rampur,West Block,414
T295377,F1041,D524,Rice,Kharif,485,NPK,Dharwad,South Block,134
T455299,F1084,D523,Wheat,Kharif,251,Urea,Bikaner,East Block,218
T712939,F1197,D510,Maize,Rabi,320,Urea,Khandwa,South Block,449
T138652,F1287,D503,Cotton,Kharif,751,NPK,Dharwad,East Block,148
T329910,F1020,D508,Cotton,Rabi,1128,DAP,Mandya,East Block,424
T227028,F1246,D511,Wheat,Rabi,278,NPK,Bikaner,North Block,341
T813013,F1104,D523,Wheat,Kharif,291,DAP,Rampur,East Block,219
T648883,F1197,D515,Maize,Rabi,378,DAP,Khandwa,South Block,399
T638911,F1081,D511,Rice,Kharif,1027,DAP,Bikaner,North Block,163
T803234,F1256,D515,Sugarcane,Kharif,994,DAP,Dharwad,South Block,147
T885086,F1049,D515,Maize,Kharif,446,Urea,Khandwa,South Block,219
T381380,F1131,D507,Cotton,Kharif,289,NPK,Mandya,East Block,129
T931351,F1127,D520,Maize,Rabi,187,DAP,Dharwad,North Block,21
T404689,F1080,D514,Wheat,Rabi,471,DAP,Lakshmipur,South Block,323
T270457,F1345,D523,Rice,Kharif,149,DAP,Mandya,East Block,155
T932272,F1271,D505,Sugarcane,Rabi,156,DAP,Khandwa,South Block,408
T996317,F1357,D518,Rice,Rabi,2555,DAP,Bikaner,West Block,326
T425749,F1013,D502,Maize,Rabi,174,Urea,Mandya,East Block,366
T687693,F1367,D514,Sugarcane,Rabi,828,DAP,Khandwa,South Block,358
T659868,F1029,D521,Cotton,Rabi,597,DAP,Dharwad,South Block,445
T143475,F1077,D502,Wheat,Kharif,230,Urea,Lakshmipur,East Block,149
T318796,F1269,D519,Rice,Kharif,865,NPK,Lakshmipur,South Block,146
T301390,F1057,D501,Wheat,Kharif,102,DAP,Khandwa,North Block,168
T442389,F1283,D524,Maize,Rabi,285,Urea,Dharwad,South Block,368
T232233,F1057,D508,Wheat,Kharif,164,DAP,Khandwa,East Block,216
T631436,F1211,D509,Cotton,Kharif,554,DAP,Rampur,West Block,159
T626510,F1229,D515,Wheat,Rabi,347,DAP,Lakshmipur,South Block,421
T618683,F1234,D520,Wheat,Kharif,701,DAP,Rampur,North Block,160
T969865,F1134,D510,Maize,Rabi,319,Urea,Rampur,South Block,419
T124907,F1286,D510,Maize,Rabi,197,NPK,Dharwad,South Block,374
T894324,F1056,D501,Maize,Kharif,249,NPK,Lakshmipur,North Block,166
T821999,F1314,D501,Rice,Kharif,222,NPK,Rampur,East Block,166
T104683,F1344,D507,Wheat,Kharif,616,DAP,Khandwa,East Block,192
T720855,F1285,D516,Rice,Kharif,612,DAP,Rampur,West Block,212
T585634,F1085,D524,Wheat,Rabi,5229,DAP,Khandwa,South Block,365
T366643,F1397,D513,Sugarcane,Rabi,135,NPK,Lakshmipur,West Block,439
T457171,F1297,D501,Rice,Rabi,389,NPK,Khandwa,North Block,449
T747183,F1245,D520,Cotton,Kharif,570,Urea,Dharwad,North Block,140
T295308,F1201,D521,Wheat,Kharif,814,Urea,Khandwa,South Block,124
T882864,F1332,D508,Rice,Kharif,366,NPK,Mandya,East Block,131
T626551,F1200,D501,Sugarcane,Rabi,179,NPK,Rampur,North Block,6
T913049,F1047,D508,Wheat,Kharif,86,Urea,Khandwa,East Block,219
T659343,F1271,D523,Sugarcane,Rabi,95,NPK,Khandwa,East Block,411
T230608,F1349,D506,Rice,Rabi,691,NPK,Rampur,East Block,371
T547997,GX6666,D517,Wheat,Rabi,194,Urea,Bikaner,North Block,392
T614590,F1219,D519,Sugarcane,Kharif,377,Urea,Khandwa,South Block,214
T204446,F1095,D523,Rice,Kharif,285,NPK,Khandwa,East Block,131
T246345,F1293,D514,Sugarcane,Rabi,653,DAP,Dharwad,South Block,441
T978308,F1298,D516,Cotton,Kharif,1130,NPK,Bikaner,West Block,124
T301221,F1387,D514,Wheat,Rabi,370,DAP,Lakshmipur,South Block,362
T103359,F1040,D515,Sugarcane,Kharif,210,NPK,Rampur,South Block,121
T783157,F1304,D503,Maize,Kharif,482,NPK,Mandya,East Block,200
T913190,F1290,D503,Sugarcane,Rabi,1161,DAP,Bikaner,East Block,324
T305564,F1140,D524,Maize,Kharif,290,NPK,Lakshmipur,South Block,176
T841050,F1225,D510,Sugarcane,Rabi,424,DAP,Bikaner,South Block,417
T896839,F1099,D522,Cotton,Kharif,618,DAP,Mandya,North Block,176
T498653,F1093,D518,Maize,Rabi,415,Urea,Rampur,West Block,17
T804544,F1225,D511,Sugarcane,Rabi,536,DAP,Bikaner,North Block,377
T230637,F1295,D515,Maize,Kharif,423,Urea,Khandwa,South Block,199
T181857,GX1292,D504,Sugarcane,Kharif,389,Urea,Rampur,West Block,211
T822271,F1278,D512,Rice,Rabi,464,Urea,Rampur,West Block,381
T451373,F1268,D511,Rice,Kharif,218,DAP,Bikaner,North Block,168
T992844,F1133,D510,Maize,Kharif,57,NPK,Dharwad,South Block,137
T975739,F1337,D513,Rice,Kharif,121,NPK,Lakshmipur,West Block,208
T406952,F1112,D521,Sugarcane,Kharif,1093,NPK,Dharwad,South Block,218
T802648,F1048,D514,Maize,Kharif,131,Urea,Rampur,South Block,152
T252556,F1133,D511,Maize,Kharif,80,Urea,Dharwad,North Block,124
T675026,F1003,D506,Cotton,Rabi,271,DAP,Mandya,East Block,374
T486524,F1362,D521,Cotton,Rabi,471,DAP,Mandya,South Block,391
T449867,F1260,D505,Cotton,Rabi,631,DAP,Rampur,South Block,385
T743703,F1142,D501,Rice,Rabi,151,DAP,Khandwa,East Block,375
T690917,F1376,D503,Wheat,Kharif,243,Urea,Lakshmipur,East Block,160
T376365,F1051,D523,Sugarcane,Kharif,715,DAP,Lakshmipur,East Block,201
T636758,F1045,D516,Wheat,Rabi,229,Urea,Rampur,West Block,446
T116117,F1103,D518,Wheat,Rabi,317,NPK,Rampur,West Block,449
T744825,F1093,D514,Maize,Rabi,334,DAP,Rampur,South Block,447
T716087,F1082,D522,Maize,Rabi,537,Urea,Khandwa,North Block,410
T930744,F1094,D516,Maize,Kharif,111,DAP,Khandwa,West Block,176
T314742,F1310,D522,Wheat,Rabi,229,NPK,Dharwad,North Block,348
T576682,F1283,D504,Maize,Rabi,2079,NPK,Dharwad,West Block,304
T576864,F1341,D508,Sugarcane,Kharif,4040,Urea,Khandwa,East Block,140
T174536,F1346,D510,Sugarcane,Rabi,826,NPK,Dharwad,South Block,300
T129445,F1073,D506,Maize,Rabi,605,Urea,Khandwa,East Block,425
T252303,F1308,D501,Sugarcane,Rabi,863,DAP,Lakshmipur,North Block,402
T389571,F1272,D510,Maize,Rabi,162,NPK,Lakshmipur,South Block,376
T910845,F1110,D500,Rice,Rabi,148,DAP,Dharwad,East Block,439
T542057,F1213,D522,Wheat,Kharif,652,NPK,Rampur,North Block,182
T905436,F1054,D510,Rice,Kharif,421,DAP,Lakshmipur,South Block,153
T134417,F1297,D506,Rice,Rabi,504,Urea,Khandwa,East Block,339
T453750,GX1188,D509,Sugarcane,Kharif,547,NPK,Dharwad,West Block,177
T870632,F1288,D500,Cotton,Kharif,5280,Urea,Dharwad,East Block,199
T593147,F1290,D521,Sugarcane,Rabi,1237,DAP,Bikaner,South Block,412
T281617,F1070,D515,Sugarcane,Rabi,1219,DAP,Bikaner,South Block,439
T489433,F1390,D509,Sugarcane,Rabi,180,NPK,Rampur,West Block,304
T256328,F1023,D518,Wheat,Rabi,249,NPK,Lakshmipur,West Block,360
T237236,F1308,D504,Sugarcane,Rabi,723,NPK,Lakshmipur,West Block,394
T562555,F1289,D516,Sugarcane,Kharif,860,DAP,Khandwa,West Block,165
T192021,F1220,D502,Maize,Kharif,352,NPK,Bikaner,East Block,196
T958730,F1344,D503,Wheat,Kharif,498,Urea,Khandwa,East Block,170
T370409,F1244,D521,Rice,Kharif,371,Urea,Khandwa,South Block,189
T233758,F1360,D518,Maize,Kharif,73,Urea,Rampur,West Block,199
T247181,F1147,D517,Cotton,Kharif,1173,DAP,Mandya,North Block,213
T785459,GX9296,D508,Sugarcane,Rabi,237,DAP,Mandya,East Block,430
T340237,F1247,D521,Cotton,Rabi,709,Urea,Mandya,South Block,449
T534494,F1045,D512,Wheat,Rabi,268,DAP,Rampur,West Block,334
T625124,F1362,D504,Cotton,Rabi,417,Urea,Mandya,West Block,422
T730566,F1336,D501,Maize,Kharif,142,DAP,Dharwad,North Block,181
T295693,F1329,D524,Rice,Kharif,119,DAP,Bikaner,South Block,174
T452973,F1383,D507,Rice,Rabi,227,NPK,Lakshmipur,East Block,330
T468596,F1087,D504,Wheat,Kharif,507,NPK,Bikaner,West Block,185
T560795,F1246,D519,Wheat,Rabi,316,Urea,Bikaner,South Block,378
T537372,GX6171,D501,Sugarcane,Kharif,742,NPK,Dharwad,North Block,120
T670766,GX6603,D504,Cotton,Kharif,684,Urea,Bikaner,West Block,186
T673592,F1194,D510,Maize,Rabi,307,Urea,Rampur,South Block,356
T845202,F1171,D514,Maize,Rabi,166,NPK,Khandwa,South Block,431
T360919,F1319,D513,Maize,Kharif,558,DAP,Khandwa,West Block,177
T845222,F1100,D524,Maize,Rabi,215,Urea,Mandya,South Block,422
T344118,F1311,D524,Maize,Rabi,313,DAP,Mandya,South Block,408
T800375,F1090,D523,Sugarcane,Rabi,1082,NPK,Lakshmipur,East Block,412
T345527,F1051,D523,Sugarcane,Kharif,1010,NPK,Lakshmipur,East Block,12
T832315,F1112,D501,Sugarcane,Kharif,1052,Urea,Dharwad,North Block,137
T484018,F1370,D500,Cotton,Rabi,776,NPK,Mandya,West Block,387
T642922,F1170,D507,Wheat,Kharif,454,Urea,Khandwa,East Block,162
T477924,F1305,D516,Wheat,Kharif,545,Urea,Lakshmipur,West Block,128
T401162,F1316,D500,Sugarcane,Rabi,775,NPK,Rampur,East Block,413
T435333,F1189,D518,Maize,Kharif,237,DAP,Bikaner,West Block,202
T276595,F1270,D500,Wheat,Rabi,339,DAP,Dharwad,East Block,365
T843538,F1357,D520,Rice,Rabi,549,NPK,Bikaner,North Block,397
T961549,F1374,D519,Cotton,Kharif,355,Urea,Lakshmipur,South Block,145
T922747,F1008,D512,Maize,Kharif,71,DAP,Dharwad,West Block,131
T168436,F1100,D522,Maize,Rabi,197,DAP,Mandya,North Block,401
T580704,F1360,D517,Maize,Kharif,61,Urea,Rampur,North Block,210
T892814,F1120,D508,Sugarcane,Rabi,766,NPK,Lakshmipur,East Block,335
T810824,F1002,D500,Rice,Rabi,324,NPK,Dharwad,East Block,335
T743810,F1309,D516,Wheat,Kharif,285,DAP,Bikaner,West Block,148
T414793,F1152,D520,Cotton,Kharif,182,Urea,Dharwad,North Block,197
T283353,F1281,D522,Sugarcane,Rabi,854,DAP,Mandya,North Block,351
T445343,GX1222,D519,Sugarcane,Kharif,809,Urea,Dharwad,South Block,183
T921542,F1339,D500,Sugarcane,Rabi,539,NPK,Bikaner,East Block,350
T144261,F1136,D518,Cotton,Rabi,393,Urea,Lakshmipur,West Block,307
T359910,F1335,D523,Wheat,Kharif,373,NPK,Dharwad,East Block,208
T813915,F1288,D519,Cotton,Kharif,601,NPK,Dharwad,South Block,216
T156293,F1327,D502,Sugarcane,Rabi,799,Urea,Bikaner,North Block,439
T395310,F1110,D519,Rice,Rabi,109,Urea,Dharwad,South Block,386
T287214,F1115,D508,Wheat,Rabi,379,Urea,Lakshmipur,East Block,302
T370713,F1014,D523,Sugarcane,Kharif,1216,Urea,Lakshmipur,East Block,124
T591943,F1050,D504,Wheat,Rabi,447,DAP,Bikaner,West Block,399
T583040,F1029,D513,Cotton,Rabi,817,Urea,Dharwad,West Block,446
T876101,F1342,D507,Rice,Kharif,377,DAP,Rampur,East Block,170
T719609,F1042,D514,Cotton,Rabi,385,DAP,Mandya,South Block,364
T960438,F1067,D520,Sugarcane,Rabi,559,NPK,Khandwa,North Block,361
T421729,F1318,D511,Sugarcane,Kharif,481,Urea,Mandya,North Block,180
T141847,F1175,D517,Wheat,Rabi,362,Urea,Lakshmipur,North Block,391
T699005,F1061,D500,Maize,Rabi,92,Urea,Mandya,East Block,368
T236537,F1128,D507,Maize,Kharif,320,Urea,Dharwad,East Block,209
T758888,F1099,D523,Cotton,Kharif,809,Urea,Mandya,East Block,178
T751649,F1247,D513,Cotton,Rabi,666,DAP,Mandya,West Block,401
T532417,F1018,D510,Cotton,Rabi,53,Urea,Lakshmipur,South Block,303
T145781,F1071,D501,Sugarcane,Kharif,91,DAP,Bikaner,North Block,137
T885081,F1123,D513,Cotton,Kharif,291,NPK,Mandya,West Block,158
T317717,F1319,D508,Maize,Kharif,248,Urea,Khandwa,East Block,134
T636820,F1391,D514,Maize,Rabi,181,Urea,Dharwad,South Block,447
T749492,F1151,D511,Cotton,Kharif,405,Urea,Mandya,North Block,141
T422197,F1393,D522,Wheat,Kharif,347,DAP,Mandya,North Block,208
T508461,F1209,D506,Wheat,Rabi,348,DAP,Lakshmipur,East Block,408
T385125,F1009,D513,Wheat,Kharif,515,NPK,Mandya,West Block,122
T944733,F1360,D511,Maize,Kharif,58,Urea,Rampur,North Block,151
T325830,F1149,D505,Cotton,Rabi,638,DAP,Bikaner,South Block,430
T344675,F1363,D502,Wheat,Kharif,191,DAP,Rampur,East Block,195
T680733,F1131,D520,Cotton,Kharif,493,Urea,Mandya,North Block,168
T379833,F1004,D518,Cotton,Rabi,173,DAP,Mandya,West Block,441
T578757,F1368,D506,Wheat,Kharif,700,DAP,Rampur,East Block,177
T827077,F1366,D514,Rice,Rabi,206,Urea,Dharwad,South Block,347
T503448,F1296,D522,Cotton,Kharif,644,Urea,Bikaner,North Block,136
T655352,F1006,D521,Cotton,Kharif,164,DAP,Dharwad,South Block,120
T992798,F1396,D505,Rice,Rabi,602,NPK,Dharwad,South Block,324
T895580,F1340,D502,Wheat,Rabi,235,Urea,Rampur,East Block,344
T631755,F1240,D505,Maize,Kharif,267,NPK,Bikaner,South Block,131
T466771,F1062,D502,Wheat,Rabi,1350,NPK,Dharwad,East Block,437
T199622,F1023,D506,Wheat,Rabi,126,Urea,Lakshmipur,East Block,365
T441936,F1335,D500,Wheat,Kharif,215,Urea,Dharwad,East Block,201
T998639,F1312,D505,Cotton,Rabi,504,DAP,Rampur,South Block,326
T670501,F1213,D502,Wheat,Kharif,307,NPK,Rampur,East Block,153
T311472,F1015,D502,Cotton,Kharif,670,DAP,Khandwa,East Block,181
T401662,F1072,D509,Sugarcane,Kharif,1373,Urea,Lakshmipur,West Block,160
T605088,F1202,D501,Wheat,Kharif,827,NPK,Rampur,North Block,212
T409398,F1095,D523,Rice,Kharif,287,NPK,Khandwa,East Block,197
T249267,F1121,D510,Sugarcane,Rabi,979,DAP,Rampur,South Block,346
T967580,F1317,D524,Rice,Kharif,661,NPK,Bikaner,South Block,197
T187513,F1212,D510,Wheat,Rabi,455,NPK,Mandya,South Block,349
T556338,F1106,D500,Sugarcane,Kharif,745,DAP,Dharwad,East Block,211
T742753,F1383,D505,Rice,Rabi,306,NPK,Lakshmipur,South Block,393
T542479,F1140,D523,Maize,Kharif,287,NPK,Lakshmipur,East Block,178
T909656,F1046,D520,Wheat,Rabi,184,Urea,Lakshmipur,North Block,421
T586945,F1354,D521,Sugarcane,Rabi,210,NPK,Mandya,South Block,16
T237256,F1003,D509,Cotton,Rabi,342,DAP,Mandya,West Block,305
T452378,F1313,D515,Rice,Kharif,426,Urea,Khandwa,South Block,192
T295338,F1236,D503,Maize,Kharif,330,DAP,Mandya,East Block,185
T426865,GX4399,D516,Maize,Kharif,310,DAP,Bikaner,West Block,168
T297876,F1134,D522,Maize,Rabi,477,DAP,Rampur,North Block,369
T330539,F1249,D519,Sugarcane,Rabi,1411,Urea,Khandwa,South Block,312
T296952,F1058,D510,Rice,Kharif,128,Urea,Khandwa,South Block,186
T580570,F1086,D511,Wheat,Kharif,404,NPK,Rampur,North Block,139
T264955,F1079,D505,Rice,Kharif,494,NPK,Lakshmipur,South Block,198
T218395,F1317,D512,Rice,Kharif,660,NPK,Bikaner,West Block,168
T757682,F1238,D507,Wheat,Kharif,54,Urea,Lakshmipur,East Block,151
T756517,F1162,D522,Wheat,Rabi,85,NPK,Mandya,North Block,426
T606160,F1180,D524,Rice,Rabi,315,DAP,Rampur,South Block,403
T199951,F1379,D501,Maize,Kharif,375,Urea,Dharwad,North Block,162
T623993,F1162,D506,Wheat,Rabi,217,NPK,Mandya,East Block,308
T572582,F1167,D519,Rice,Kharif,228,Urea,Khandwa,South Block,183
T371130,F1346,D503,Sugarcane,Rabi,538,NPK,Dharwad,East Block,344
T911436,F1349,D510,Rice,Rabi,639,DAP,Rampur,South Block,390
T864041,F1207,D515,Rice,Rabi,304,Urea,Khandwa,South Block,376
T760177,F1324,D510,Wheat,Rabi,407,NPK,Dharwad,South Block,303
T556220,F1092,D520,Maize,Kharif,598,DAP,Lakshmipur,North Block,187
T776132,F1034,D501,Rice,Rabi,99,DAP,Bikaner,North Block,417
T304226,F1004,D520,Cotton,Rabi,125,NPK,Mandya,North Block,375
T875978,F1028,D514,Maize,Kharif,294,DAP,Rampur,South Block,216
T457213,F1284,D517,Rice,Rabi,218,DAP,Rampur,North Block,373
T947485,F1105,D506,Sugarcane,Rabi,426,Urea,Khandwa,East Block,335
T329191,F1079,D511,Rice,Kharif,521,Urea,Lakshmipur,North Block,129
T166126,F1129,D522,Maize,Rabi,291,Urea,Rampur,North Block,435
T608005,F1363,D519,Wheat,Kharif,257,Urea,Rampur,South Block,133
T897930,F1149,D508,Cotton,Rabi,1071,NPK,Bikaner,East Block,438
